Title,Company,Location,Category,Salary,FullDescription,Requirements,job_text,job_text_clean,Title_clean,Requirements_clean
Computer Science Teacher,GATEWAY SCIENCE ACADEMY OF SAINT LOUIS,"Saint Louis, Saint Louis County",IT Jobs,1,"Bachelor's degree in computer education, computer science and technology, or computer engineering, and 24 months of full-time experience in the job or as an ICT teacher are required. M-F, 40 hrs./wk. Mail resumes to Mustafa Icel, Gateway Science Academy of St Louis, 5049 Fyler Avenue, St. Louis, MO 63139.",,"Bachelor's degree in computer education, computer science and technology, or computer engineering, and 24 months of full-time experience in the job or as an ICT teacher are required. M-F, 40 hrs./wk. Mail resumes to Mustafa Icel, Gateway Science Academy of St Louis, 5049 Fyler Avenue, St. Louis, MO 63139.",bachelor degree computer education computer science technology computer engineering 24 month full time experience job ict teacher required f 40 hr wk mail resume mustafa icel gateway science academy st louis 5049 fyler avenue st louis mo 63139,computer science teacher,
Computer Science Patent Junior Attorney (Hybrid),Avant Tech,"Saint Louis, Saint Louis County",IT Jobs,0,"Avant Tech is looking for a talented Computer Science Patent Associate Attorney to join our thriving technology law practice. The successful candidate will provide sophisticated legal counsel to clients in the software, hardware, and data science sectors, focusing on patent prosecution and intellectual property strategy. This role will involve working with leading tech companies to protect innovations and navigate complex patent issues. Key Responsibilities: Prepare, file, and prosecute patent …",,"Avant Tech is looking for a talented Computer Science Patent Associate Attorney to join our thriving technology law practice. The successful candidate will provide sophisticated legal counsel to clients in the software, hardware, and data science sectors, focusing on patent prosecution and intellectual property strategy. This role will involve working with leading tech companies to protect innovations and navigate complex patent issues. Key Responsibilities: Prepare, file, and prosecute patent …",avant tech looking talented computer science patent associate attorney join thriving technology law practice successful candidate provide sophisticated legal counsel client software hardware data science sector focusing patent prosecution intellectual property strategy role involve working leading tech company protect innovation navigate complex patent issue key responsibility prepare file prosecute patent,computer science patent junior attorney hybrid,
Senior Security Technical Architect,Edward Jones,"Manchester, Saint Louis County",IT Jobs,1,"Innovate here. And see your ideas come to life. It's an exciting time to work in tech at Edward Jones. We are making massive investments in emerging technologies to improve how we work with our clients and with each other. Relationships are the focus of our business model. And working in Technology here means using your skills to build, deliver and maintain the technologies that enable us to deepen and support those relationships. The best part? We develop and create our own industry-leading so…",,"Innovate here. And see your ideas come to life. It's an exciting time to work in tech at Edward Jones. We are making massive investments in emerging technologies to improve how we work with our clients and with each other. Relationships are the focus of our business model. And working in Technology here means using your skills to build, deliver and maintain the technologies that enable us to deepen and support those relationships. The best part? We develop and create our own industry-leading so…",innovate see idea come life exciting time work tech edward jones making massive investment emerging technology improve work client relationship focus business model working technology mean using skill build deliver maintain technology enable u deepen support relationship best part develop create industry leading,senior security technical architect,
SAP Security Manager,Anheuser-Busch,"Signal Hill, Saint Clair County",IT Jobs,1,"Dreaming big is in our DNA. It’s who we are as a company. It’s our culture. It’s our heritage. And more than ever, it’s our future. A future where we’re always looking forward. Always serving up new ways to meet life’s moments. A future where we keep dreaming bigger. We look for people with passion, talent, and curiosity, and provide them with the teammates, resources and opportunities to unleash their full potential. The power we create together – when we combine your strengths with ours – is …",,"Dreaming big is in our DNA. It’s who we are as a company. It’s our culture. It’s our heritage. And more than ever, it’s our future. A future where we’re always looking forward. Always serving up new ways to meet life’s moments. A future where we keep dreaming bigger. We look for people with passion, talent, and curiosity, and provide them with the teammates, resources and opportunities to unleash their full potential. The power we create together – when we combine your strengths with ours – is …",dreaming big dna company culture heritage ever future future always looking forward always serving new way meet life moment future keep dreaming bigger look people passion talent curiosity provide teammate resource opportunity unleash full potential power create together combine strength,sap security manager,
SAP Security Manager,Anheuser-Busch,"Moline Acres, Saint Louis County",IT Jobs,1,"Dreaming big is in our DNA. It’s who we are as a company. It’s our culture. It’s our heritage. And more than ever, it’s our future. A future where we’re always looking forward. Always serving up new ways to meet life’s moments. A future where we keep dreaming bigger. We look for people with passion, talent, and curiosity, and provide them with the teammates, resources and opportunities to unleash their full potential. The power we create together – when we combine your strengths with ours – is …",,"Dreaming big is in our DNA. It’s who we are as a company. It’s our culture. It’s our heritage. And more than ever, it’s our future. A future where we’re always looking forward. Always serving up new ways to meet life’s moments. A future where we keep dreaming bigger. We look for people with passion, talent, and curiosity, and provide them with the teammates, resources and opportunities to unleash their full potential. The power we create together – when we combine your strengths with ours – is …",dreaming big dna company culture heritage ever future future always looking forward always serving new way meet life moment future keep dreaming bigger look people passion talent curiosity provide teammate resource opportunity unleash full potential power create together combine strength,sap security manager,
SAP Security Manager,Anheuser-Busch,"East Carondelet, Saint Clair County",IT Jobs,1,"Dreaming big is in our DNA. It’s who we are as a company. It’s our culture. It’s our heritage. And more than ever, it’s our future. A future where we’re always looking forward. Always serving up new ways to meet life’s moments. A future where we keep dreaming bigger. We look for people with passion, talent, and curiosity, and provide them with the teammates, resources and opportunities to unleash their full potential. The power we create together – when we combine your strengths with ours – is …",,"Dreaming big is in our DNA. It’s who we are as a company. It’s our culture. It’s our heritage. And more than ever, it’s our future. A future where we’re always looking forward. Always serving up new ways to meet life’s moments. A future where we keep dreaming bigger. We look for people with passion, talent, and curiosity, and provide them with the teammates, resources and opportunities to unleash their full potential. The power we create together – when we combine your strengths with ours – is …",dreaming big dna company culture heritage ever future future always looking forward always serving new way meet life moment future keep dreaming bigger look people passion talent curiosity provide teammate resource opportunity unleash full potential power create together combine strength,sap security manager,
SAP Security Manager,Anheuser-Busch,"Riverview, Saint Louis County",IT Jobs,1,"Dreaming big is in our DNA. It’s who we are as a company. It’s our culture. It’s our heritage. And more than ever, it’s our future. A future where we’re always looking forward. Always serving up new ways to meet life’s moments. A future where we keep dreaming bigger. We look for people with passion, talent, and curiosity, and provide them with the teammates, resources and opportunities to unleash their full potential. The power we create together – when we combine your strengths with ours – is …",,"Dreaming big is in our DNA. It’s who we are as a company. It’s our culture. It’s our heritage. And more than ever, it’s our future. A future where we’re always looking forward. Always serving up new ways to meet life’s moments. A future where we keep dreaming bigger. We look for people with passion, talent, and curiosity, and provide them with the teammates, resources and opportunities to unleash their full potential. The power we create together – when we combine your strengths with ours – is …",dreaming big dna company culture heritage ever future future always looking forward always serving new way meet life moment future keep dreaming bigger look people passion talent curiosity provide teammate resource opportunity unleash full potential power create together combine strength,sap security manager,
SAP Security Manager,Anheuser-Busch,"National Stock Yards, Saint Clair County",IT Jobs,1,"Dreaming big is in our DNA. It’s who we are as a company. It’s our culture. It’s our heritage. And more than ever, it’s our future. A future where we’re always looking forward. Always serving up new ways to meet life’s moments. A future where we keep dreaming bigger. We look for people with passion, talent, and curiosity, and provide them with the teammates, resources and opportunities to unleash their full potential. The power we create together – when we combine your strengths with ours – is …",,"Dreaming big is in our DNA. It’s who we are as a company. It’s our culture. It’s our heritage. And more than ever, it’s our future. A future where we’re always looking forward. Always serving up new ways to meet life’s moments. A future where we keep dreaming bigger. We look for people with passion, talent, and curiosity, and provide them with the teammates, resources and opportunities to unleash their full potential. The power we create together – when we combine your strengths with ours – is …",dreaming big dna company culture heritage ever future future always looking forward always serving new way meet life moment future keep dreaming bigger look people passion talent curiosity provide teammate resource opportunity unleash full potential power create together combine strength,sap security manager,
SAP Security Manager,Anheuser-Busch,"Centreville, Saint Clair County",IT Jobs,1,"Dreaming big is in our DNA. It’s who we are as a company. It’s our culture. It’s our heritage. And more than ever, it’s our future. A future where we’re always looking forward. Always serving up new ways to meet life’s moments. A future where we keep dreaming bigger. We look for people with passion, talent, and curiosity, and provide them with the teammates, resources and opportunities to unleash their full potential. The power we create together – when we combine your strengths with ours – is …",,"Dreaming big is in our DNA. It’s who we are as a company. It’s our culture. It’s our heritage. And more than ever, it’s our future. A future where we’re always looking forward. Always serving up new ways to meet life’s moments. A future where we keep dreaming bigger. We look for people with passion, talent, and curiosity, and provide them with the teammates, resources and opportunities to unleash their full potential. The power we create together – when we combine your strengths with ours – is …",dreaming big dna company culture heritage ever future future always looking forward always serving new way meet life moment future keep dreaming bigger look people passion talent curiosity provide teammate resource opportunity unleash full potential power create together combine strength,sap security manager,
SAP Security Manager,Anheuser-Busch,"East Saint Louis, Saint Clair County",IT Jobs,1,"Dreaming big is in our DNA. It’s who we are as a company. It’s our culture. It’s our heritage. And more than ever, it’s our future. A future where we’re always looking forward. Always serving up new ways to meet life’s moments. A future where we keep dreaming bigger. We look for people with passion, talent, and curiosity, and provide them with the teammates, resources and opportunities to unleash their full potential. The power we create together – when we combine your strengths with ours – is …",,"Dreaming big is in our DNA. It’s who we are as a company. It’s our culture. It’s our heritage. And more than ever, it’s our future. A future where we’re always looking forward. Always serving up new ways to meet life’s moments. A future where we keep dreaming bigger. We look for people with passion, talent, and curiosity, and provide them with the teammates, resources and opportunities to unleash their full potential. The power we create together – when we combine your strengths with ours – is …",dreaming big dna company culture heritage ever future future always looking forward always serving new way meet life moment future keep dreaming bigger look people passion talent curiosity provide teammate resource opportunity unleash full potential power create together combine strength,sap security manager,
SAP Security Manager,Anheuser-Busch,"Manchester, Saint Louis County",IT Jobs,1,"Dreaming big is in our DNA. It’s who we are as a company. It’s our culture. It’s our heritage. And more than ever, it’s our future. A future where we’re always looking forward. Always serving up new ways to meet life’s moments. A future where we keep dreaming bigger. We look for people with passion, talent, and curiosity, and provide them with the teammates, resources and opportunities to unleash their full potential. The power we create together – when we combine your strengths with ours – is …",,"Dreaming big is in our DNA. It’s who we are as a company. It’s our culture. It’s our heritage. And more than ever, it’s our future. A future where we’re always looking forward. Always serving up new ways to meet life’s moments. A future where we keep dreaming bigger. We look for people with passion, talent, and curiosity, and provide them with the teammates, resources and opportunities to unleash their full potential. The power we create together – when we combine your strengths with ours – is …",dreaming big dna company culture heritage ever future future always looking forward always serving new way meet life moment future keep dreaming bigger look people passion talent curiosity provide teammate resource opportunity unleash full potential power create together combine strength,sap security manager,
SAP Security Manager,Anheuser-Busch,"Wilbur Park, Saint Louis County",IT Jobs,1,"Dreaming big is in our DNA. It’s who we are as a company. It’s our culture. It’s our heritage. And more than ever, it’s our future. A future where we’re always looking forward. Always serving up new ways to meet life’s moments. A future where we keep dreaming bigger. We look for people with passion, talent, and curiosity, and provide them with the teammates, resources and opportunities to unleash their full potential. The power we create together – when we combine your strengths with ours – is …",,"Dreaming big is in our DNA. It’s who we are as a company. It’s our culture. It’s our heritage. And more than ever, it’s our future. A future where we’re always looking forward. Always serving up new ways to meet life’s moments. A future where we keep dreaming bigger. We look for people with passion, talent, and curiosity, and provide them with the teammates, resources and opportunities to unleash their full potential. The power we create together – when we combine your strengths with ours – is …",dreaming big dna company culture heritage ever future future always looking forward always serving new way meet life moment future keep dreaming bigger look people passion talent curiosity provide teammate resource opportunity unleash full potential power create together combine strength,sap security manager,
SAP Security Manager,Anheuser-Busch,"Clayton, Saint Louis County",IT Jobs,1,"Dreaming big is in our DNA. It’s who we are as a company. It’s our culture. It’s our heritage. And more than ever, it’s our future. A future where we’re always looking forward. Always serving up new ways to meet life’s moments. A future where we keep dreaming bigger. We look for people with passion, talent, and curiosity, and provide them with the teammates, resources and opportunities to unleash their full potential. The power we create together – when we combine your strengths with ours – is …",,"Dreaming big is in our DNA. It’s who we are as a company. It’s our culture. It’s our heritage. And more than ever, it’s our future. A future where we’re always looking forward. Always serving up new ways to meet life’s moments. A future where we keep dreaming bigger. We look for people with passion, talent, and curiosity, and provide them with the teammates, resources and opportunities to unleash their full potential. The power we create together – when we combine your strengths with ours – is …",dreaming big dna company culture heritage ever future future always looking forward always serving new way meet life moment future keep dreaming bigger look people passion talent curiosity provide teammate resource opportunity unleash full potential power create together combine strength,sap security manager,
SAP Security Manager,Anheuser-Busch,"Pagedale, Saint Louis County",IT Jobs,1,"Dreaming big is in our DNA. It’s who we are as a company. It’s our culture. It’s our heritage. And more than ever, it’s our future. A future where we’re always looking forward. Always serving up new ways to meet life’s moments. A future where we keep dreaming bigger. We look for people with passion, talent, and curiosity, and provide them with the teammates, resources and opportunities to unleash their full potential. The power we create together – when we combine your strengths with ours – is …",,"Dreaming big is in our DNA. It’s who we are as a company. It’s our culture. It’s our heritage. And more than ever, it’s our future. A future where we’re always looking forward. Always serving up new ways to meet life’s moments. A future where we keep dreaming bigger. We look for people with passion, talent, and curiosity, and provide them with the teammates, resources and opportunities to unleash their full potential. The power we create together – when we combine your strengths with ours – is …",dreaming big dna company culture heritage ever future future always looking forward always serving new way meet life moment future keep dreaming bigger look people passion talent curiosity provide teammate resource opportunity unleash full potential power create together combine strength,sap security manager,
SAP Security Manager,Anheuser-Busch,"Washingtn Park, Saint Clair County",IT Jobs,1,"Dreaming big is in our DNA. It’s who we are as a company. It’s our culture. It’s our heritage. And more than ever, it’s our future. A future where we’re always looking forward. Always serving up new ways to meet life’s moments. A future where we keep dreaming bigger. We look for people with passion, talent, and curiosity, and provide them with the teammates, resources and opportunities to unleash their full potential. The power we create together – when we combine your strengths with ours – is …",,"Dreaming big is in our DNA. It’s who we are as a company. It’s our culture. It’s our heritage. And more than ever, it’s our future. A future where we’re always looking forward. Always serving up new ways to meet life’s moments. A future where we keep dreaming bigger. We look for people with passion, talent, and curiosity, and provide them with the teammates, resources and opportunities to unleash their full potential. The power we create together – when we combine your strengths with ours – is …",dreaming big dna company culture heritage ever future future always looking forward always serving new way meet life moment future keep dreaming bigger look people passion talent curiosity provide teammate resource opportunity unleash full potential power create together combine strength,sap security manager,
SAP Security Manager,Anheuser-Busch,"Webster Groves, Saint Louis County",IT Jobs,1,"Dreaming big is in our DNA. It’s who we are as a company. It’s our culture. It’s our heritage. And more than ever, it’s our future. A future where we’re always looking forward. Always serving up new ways to meet life’s moments. A future where we keep dreaming bigger. We look for people with passion, talent, and curiosity, and provide them with the teammates, resources and opportunities to unleash their full potential. The power we create together – when we combine your strengths with ours – is …",,"Dreaming big is in our DNA. It’s who we are as a company. It’s our culture. It’s our heritage. And more than ever, it’s our future. A future where we’re always looking forward. Always serving up new ways to meet life’s moments. A future where we keep dreaming bigger. We look for people with passion, talent, and curiosity, and provide them with the teammates, resources and opportunities to unleash their full potential. The power we create together – when we combine your strengths with ours – is …",dreaming big dna company culture heritage ever future future always looking forward always serving new way meet life moment future keep dreaming bigger look people passion talent curiosity provide teammate resource opportunity unleash full potential power create together combine strength,sap security manager,
SAP Security Manager,Anheuser-Busch,"Lovejoy, Saint Clair County",IT Jobs,1,"Dreaming big is in our DNA. It’s who we are as a company. It’s our culture. It’s our heritage. And more than ever, it’s our future. A future where we’re always looking forward. Always serving up new ways to meet life’s moments. A future where we keep dreaming bigger. We look for people with passion, talent, and curiosity, and provide them with the teammates, resources and opportunities to unleash their full potential. The power we create together – when we combine your strengths with ours – is …",,"Dreaming big is in our DNA. It’s who we are as a company. It’s our culture. It’s our heritage. And more than ever, it’s our future. A future where we’re always looking forward. Always serving up new ways to meet life’s moments. A future where we keep dreaming bigger. We look for people with passion, talent, and curiosity, and provide them with the teammates, resources and opportunities to unleash their full potential. The power we create together – when we combine your strengths with ours – is …",dreaming big dna company culture heritage ever future future always looking forward always serving new way meet life moment future keep dreaming bigger look people passion talent curiosity provide teammate resource opportunity unleash full potential power create together combine strength,sap security manager,
SAP Security Manager,Anheuser-Busch,"Saint Louis, Saint Louis County",IT Jobs,1,"Dreaming big is in our DNA. It’s who we are as a company. It’s our culture. It’s our heritage. And more than ever, it’s our future. A future where we’re always looking forward. Always serving up new ways to meet life’s moments. A future where we keep dreaming bigger. We look for people with passion, talent, and curiosity, and provide them with the teammates, resources and opportunities to unleash their full potential. The power we create together – when we combine your strengths with ours – is …",,"Dreaming big is in our DNA. It’s who we are as a company. It’s our culture. It’s our heritage. And more than ever, it’s our future. A future where we’re always looking forward. Always serving up new ways to meet life’s moments. A future where we keep dreaming bigger. We look for people with passion, talent, and curiosity, and provide them with the teammates, resources and opportunities to unleash their full potential. The power we create together – when we combine your strengths with ours – is …",dreaming big dna company culture heritage ever future future always looking forward always serving new way meet life moment future keep dreaming bigger look people passion talent curiosity provide teammate resource opportunity unleash full potential power create together combine strength,sap security manager,
Senior Policy Based Access Control (PBAC) Engineer,Edward Jones,"Manchester, Saint Louis County",IT Jobs,1,"Innovate here. And see your ideas come to life. It's an exciting time to work in tech at Edward Jones. We are making massive investments in emerging technologies to improve how we work with our clients and with each other. Relationships are the focus of our business model. And working in Technology here means using your skills to build, deliver and maintain the technologies that enable us to deepen and support those relationships. The best part? We develop and create our own industry-leading so…",,"Innovate here. And see your ideas come to life. It's an exciting time to work in tech at Edward Jones. We are making massive investments in emerging technologies to improve how we work with our clients and with each other. Relationships are the focus of our business model. And working in Technology here means using your skills to build, deliver and maintain the technologies that enable us to deepen and support those relationships. The best part? We develop and create our own industry-leading so…",innovate see idea come life exciting time work tech edward jones making massive investment emerging technology improve work client relationship focus business model working technology mean using skill build deliver maintain technology enable u deepen support relationship best part develop create industry leading,senior policy based access control pbac engineer,
NETWORK SYSTEM ENGINEER with Security Clearance,CEdge Software Consultants,"Saint Louis, Saint Louis County",IT Jobs,1,"Skills and Experience: Required: · Bachelor’s degree in Computer Science / Math / Science / Engineering or IT related degree. · 12 years of technical experience is required, to include: o 10 years of demonstrated experience developing networking technologies such as routing, circuit switching, packet switching, multiprotocol label switching (MPLS), and encapsulation protocols, as well as their accompanying international, government, or industry standards. o 4 years of IT planning/scheduling/req…",,"Skills and Experience: Required: · Bachelor’s degree in Computer Science / Math / Science / Engineering or IT related degree. · 12 years of technical experience is required, to include: o 10 years of demonstrated experience developing networking technologies such as routing, circuit switching, packet switching, multiprotocol label switching (MPLS), and encapsulation protocols, as well as their accompanying international, government, or industry standards. o 4 years of IT planning/scheduling/req…",skill experience required bachelor degree computer science math science engineering related degree 12 year technical experience required include 10 year demonstrated experience developing networking technology routing circuit switching packet switching multiprotocol label switching mpls encapsulation protocol well accompanying international government industry standard 4 year planning scheduling req,network system engineer security clearance,
Embedded Engineer - Cyber with Security Clearance,Beacon Hill,"Saint Louis, Saint Louis County",IT Jobs,1,"Overview We are seeking an Embedded Cyber Software Developer to support cybersecurity initiatives in secure boot, firmware security, and hardware root of trust. The role involves developing and configuring boot loaders, implementing encryption and hashing algorithms, managing secure firmware updates, and collaborating with cross-functional teams to integrate robust security features across the product lifecycle. Key Responsibilities Develop, sign, and configure secure boot loaders (UEFI, EFI, a…",,"Overview We are seeking an Embedded Cyber Software Developer to support cybersecurity initiatives in secure boot, firmware security, and hardware root of trust. The role involves developing and configuring boot loaders, implementing encryption and hashing algorithms, managing secure firmware updates, and collaborating with cross-functional teams to integrate robust security features across the product lifecycle. Key Responsibilities Develop, sign, and configure secure boot loaders (UEFI, EFI, a…",overview seeking embedded cyber software developer support cybersecurity initiative secure boot firmware security hardware root trust role involves developing configuring boot loader implementing encryption hashing algorithm managing secure firmware update collaborating cross functional team integrate robust security feature across product lifecycle key responsibility develop sign configure secure boot loader uefi efi,embedded engineer cyber security clearance,
Senior Structural Design Engineer - F-15,Boeing,"Saint Louis, Saint Louis County",Engineering Jobs,1,"Job Description At Boeing, we innovate and collaborate to make the world a better place. We're committed to fostering an environment for every teammate that's welcoming, respectful and inclusive, with great opportunity for professional growth. Find your future with us. Boeing St. Louis is building the future creating innovative solutions that will define the next generation of aerospace. We are currently seeking Structural Design Engineers (Levels 4 - 5) to develop, maintain and modify structur…",,"Job Description At Boeing, we innovate and collaborate to make the world a better place. We're committed to fostering an environment for every teammate that's welcoming, respectful and inclusive, with great opportunity for professional growth. Find your future with us. Boeing St. Louis is building the future creating innovative solutions that will define the next generation of aerospace. We are currently seeking Structural Design Engineers (Levels 4 - 5) to develop, maintain and modify structur…",job description boeing innovate collaborate make world better place committed fostering environment every teammate welcoming respectful inclusive great opportunity professional growth find future u boeing st louis building future creating innovative solution define next generation aerospace currently seeking structural design engineer level 4 5 develop maintain modify structur,senior structural design engineer f 15,
Cyber Security Engineer with Security Clearance,CEdge Software Consultants,"Saint Louis, Saint Louis County",IT Jobs,1,"CEdge has an opportunity for a Cyber Security Engineer (Senior Level), located in St Louis,MO If you are ready to work alongside World Renowned Technology experts, and carry the skills below, this is the opportunity that will inevitably take your career to unbelievable levels! This position requires a TS/SCI Security Clearance Cyber Security Engineer (Senior) Overall Assignment Description: The N2W Cyber Security Engineer will serve as a member of the N2W Active IT and project team, providing s…",,"CEdge has an opportunity for a Cyber Security Engineer (Senior Level), located in St Louis,MO If you are ready to work alongside World Renowned Technology experts, and carry the skills below, this is the opportunity that will inevitably take your career to unbelievable levels! This position requires a TS/SCI Security Clearance Cyber Security Engineer (Senior) Overall Assignment Description: The N2W Cyber Security Engineer will serve as a member of the N2W Active IT and project team, providing s…",cedge opportunity cyber security engineer senior level located st louis mo ready work alongside world renowned technology expert carry skill opportunity inevitably take career unbelievable level position requires t sci security clearance cyber security engineer senior overall assignment description n2w cyber security engineer serve member n2w active project team providing,cyber security engineer security clearance,
TSCM Practitioner support (Level III) with Security Clearance,CEdge Software Consultants,"Saint Louis, Saint Louis County",IT Jobs,1,"Overall Assignment Description: Conduct TSCM, Foreign Visit, Gift Inspection, Digital Counterexploitation, Technical Evaluation activities and other technical operations supporting the NGA TSCM program, TSSC modernization goals, and Office of Counterintelligence Technical CI Division. Maintain familiarization with all governing national and agency level policies, ensuring compliance with all facets of reporting and training requirements as well as all other regulatory guidelines. Duties may inc…",,"Overall Assignment Description: Conduct TSCM, Foreign Visit, Gift Inspection, Digital Counterexploitation, Technical Evaluation activities and other technical operations supporting the NGA TSCM program, TSSC modernization goals, and Office of Counterintelligence Technical CI Division. Maintain familiarization with all governing national and agency level policies, ensuring compliance with all facets of reporting and training requirements as well as all other regulatory guidelines. Duties may inc…",overall assignment description conduct tscm foreign visit gift inspection digital counterexploitation technical evaluation activity technical operation supporting nga tscm program tssc modernization goal office counterintelligence technical ci division maintain familiarization governing national agency level policy ensuring compliance facet reporting training requirement well regulatory guideline duty may inc,tscm practitioner support level iii security clearance,
▷ Apply Now: Senior Guidance Navigation and Control Engineer,Boeing,"Saint Louis, Saint Louis County",Engineering Jobs,1,"Job Description At Boeing, we innovate and collaborate to make the world a better place. We're committed to fostering an environment for every teammate that's welcoming, respectful and inclusive, with great opportunity for professional growth. Find your future with us. Boeing Defense, Space & Security (BDS) is hiring Senior Guidance Navigation and Control (GNC) Engineers to join the Flight Systems Engineering Capability in Berkeley, MO. These roles will support new product design, development, …",,"Job Description At Boeing, we innovate and collaborate to make the world a better place. We're committed to fostering an environment for every teammate that's welcoming, respectful and inclusive, with great opportunity for professional growth. Find your future with us. Boeing Defense, Space & Security (BDS) is hiring Senior Guidance Navigation and Control (GNC) Engineers to join the Flight Systems Engineering Capability in Berkeley, MO. These roles will support new product design, development, …",job description boeing innovate collaborate make world better place committed fostering environment every teammate welcoming respectful inclusive great opportunity professional growth find future u boeing defense space security bd hiring senior guidance navigation control gnc engineer join flight system engineering capability berkeley mo role support new product design development,apply senior guidance navigation control engineer,
Senior Guidance Navigation and Control Engineer,Boeing,"Saint Louis, Saint Louis County",Engineering Jobs,1,"Job Description At Boeing, we innovate and collaborate to make the world a better place. We're committed to fostering an environment for every teammate that's welcoming, respectful and inclusive, with great opportunity for professional growth. Find your future with us. Boeing Defense, Space & Security (BDS) is hiring Senior Guidance Navigation and Control (GNC) Engineers to join the Flight Systems Engineering Capability in Berkeley, MO. These roles will support new product design, development, …",,"Job Description At Boeing, we innovate and collaborate to make the world a better place. We're committed to fostering an environment for every teammate that's welcoming, respectful and inclusive, with great opportunity for professional growth. Find your future with us. Boeing Defense, Space & Security (BDS) is hiring Senior Guidance Navigation and Control (GNC) Engineers to join the Flight Systems Engineering Capability in Berkeley, MO. These roles will support new product design, development, …",job description boeing innovate collaborate make world better place committed fostering environment every teammate welcoming respectful inclusive great opportunity professional growth find future u boeing defense space security bd hiring senior guidance navigation control gnc engineer join flight system engineering capability berkeley mo role support new product design development,senior guidance navigation control engineer,
(15h Left) F-15 Mission Systems Communications and Datalink Integration Engineer,Boeing,"Saint Louis, Saint Louis County",Engineering Jobs,1,"Job Description At Boeing, we innovate and collaborate to make the world a better place. We're committed to fostering an environment for every teammate that's welcoming, respectful and inclusive, with great opportunity for professional growth. Find your future with us. The Boeing Company is currently seeking an Experienced F-15 Mission Systems Communications and Datalink Integration Engineer to join the F-15 Mission Systems Team located in Berkeley, MO. This position will focus on supporting th…",,"Job Description At Boeing, we innovate and collaborate to make the world a better place. We're committed to fostering an environment for every teammate that's welcoming, respectful and inclusive, with great opportunity for professional growth. Find your future with us. The Boeing Company is currently seeking an Experienced F-15 Mission Systems Communications and Datalink Integration Engineer to join the F-15 Mission Systems Team located in Berkeley, MO. This position will focus on supporting th…",job description boeing innovate collaborate make world better place committed fostering environment every teammate welcoming respectful inclusive great opportunity professional growth find future u boeing company currently seeking experienced f 15 mission system communication datalink integration engineer join f 15 mission system team located berkeley mo position focus supporting th,15h left f 15 mission system communication datalink integration engineer,
F-15 Mission Systems Communications and Datalink Integration Engineer,Boeing,"Saint Louis, Saint Louis County",Engineering Jobs,1,"Job Description At Boeing, we innovate and collaborate to make the world a better place. We're committed to fostering an environment for every teammate that's welcoming, respectful and inclusive, with great opportunity for professional growth. Find your future with us. The Boeing Company is currently seeking an Experienced F-15 Mission SystemsCommunications and Datalink Integration Engineer to join the F-15 Mission Systems Team located in Berkeley, MO. This position will focus on supporting the…",,"Job Description At Boeing, we innovate and collaborate to make the world a better place. We're committed to fostering an environment for every teammate that's welcoming, respectful and inclusive, with great opportunity for professional growth. Find your future with us. The Boeing Company is currently seeking an Experienced F-15 Mission SystemsCommunications and Datalink Integration Engineer to join the F-15 Mission Systems Team located in Berkeley, MO. This position will focus on supporting the…",job description boeing innovate collaborate make world better place committed fostering environment every teammate welcoming respectful inclusive great opportunity professional growth find future u boeing company currently seeking experienced f 15 mission systemscommunications datalink integration engineer join f 15 mission system team located berkeley mo position focus supporting,f 15 mission system communication datalink integration engineer,
▷ Apply Now! Senior Structural Analysis Engineer - F-15,Boeing,"Saint Louis, Saint Louis County",Engineering Jobs,1,"Job Description At Boeing, we innovate and collaborate to make the world a better place. We're committed to fostering an environment for every teammate that's welcoming, respectful and inclusive, with great opportunity for professional growth. Find your future with us. Boeing St. Louis is building the future creating innovative solutions that will define the next generation of aerospace. We are currently seeking Structural Analysis Engineers (Level 4 or 5) to verify structural integrity by usin…",,"Job Description At Boeing, we innovate and collaborate to make the world a better place. We're committed to fostering an environment for every teammate that's welcoming, respectful and inclusive, with great opportunity for professional growth. Find your future with us. Boeing St. Louis is building the future creating innovative solutions that will define the next generation of aerospace. We are currently seeking Structural Analysis Engineers (Level 4 or 5) to verify structural integrity by usin…",job description boeing innovate collaborate make world better place committed fostering environment every teammate welcoming respectful inclusive great opportunity professional growth find future u boeing st louis building future creating innovative solution define next generation aerospace currently seeking structural analysis engineer level 4 5 verify structural integrity usin,apply senior structural analysis engineer f 15,
Senior Structural Analysis Engineer - F-15,Boeing,"Saint Louis, Saint Louis County",Engineering Jobs,1,"Job Description At Boeing, we innovate and collaborate to make the world a better place. We're committed to fostering an environment for every teammate that's welcoming, respectful and inclusive, with great opportunity for professional growth. Find your future with us. Boeing St. Louis is building the future creating innovative solutions that will define the next generation of aerospace. We are currently seeking Structural Analysis Engineers (Level 4 or 5) to verify structural integrity by usin…",,"Job Description At Boeing, we innovate and collaborate to make the world a better place. We're committed to fostering an environment for every teammate that's welcoming, respectful and inclusive, with great opportunity for professional growth. Find your future with us. Boeing St. Louis is building the future creating innovative solutions that will define the next generation of aerospace. We are currently seeking Structural Analysis Engineers (Level 4 or 5) to verify structural integrity by usin…",job description boeing innovate collaborate make world better place committed fostering environment every teammate welcoming respectful inclusive great opportunity professional growth find future u boeing st louis building future creating innovative solution define next generation aerospace currently seeking structural analysis engineer level 4 5 verify structural integrity usin,senior structural analysis engineer f 15,
TSCM Practitioner support (Level 3) 127-014 with Security Clearance,IC-CAP,"Saint Louis, Saint Louis County",IT Jobs,1,"TSCM Practitioner support (Level 3) will conduct TSCM, Foreign Visit, Gift Inspection, Digital Counterexploitation, Technical Evaluation activities and other technical operations supporting the NGA TSCM program, TSSC modernization goals, and Office of Counterintelligence Technical CI Division. Maintain familiarization with all governing national and agency level policies, ensuring compliance with all facets of reporting and training requirements as well as all other regulatory guidelines. Dutie…",,"TSCM Practitioner support (Level 3) will conduct TSCM, Foreign Visit, Gift Inspection, Digital Counterexploitation, Technical Evaluation activities and other technical operations supporting the NGA TSCM program, TSSC modernization goals, and Office of Counterintelligence Technical CI Division. Maintain familiarization with all governing national and agency level policies, ensuring compliance with all facets of reporting and training requirements as well as all other regulatory guidelines. Dutie…",tscm practitioner support level 3 conduct tscm foreign visit gift inspection digital counterexploitation technical evaluation activity technical operation supporting nga tscm program tssc modernization goal office counterintelligence technical ci division maintain familiarization governing national agency level policy ensuring compliance facet reporting training requirement well regulatory guideline dutie,tscm practitioner support level 3 127 014 security clearance,
Associate Systems Engineer,Boeing,"Saint Louis, Saint Louis County",Engineering Jobs,1,"Job Description At Boeing, we innovate and collaborate to make the world a better place. We're committed to fostering an environment for every teammate that's welcoming, respectful and inclusive, with great opportunity for professional growth. Find your future with us. The Boeing Company is actively seeking Associate Systems Engineers to join its Saint-Louis based Divisions/Business Units, work locations to include Hazelwood, MO, Saint Charles, MO, or Berkeley, MO. Boeing is focused on providin…",,"Job Description At Boeing, we innovate and collaborate to make the world a better place. We're committed to fostering an environment for every teammate that's welcoming, respectful and inclusive, with great opportunity for professional growth. Find your future with us. The Boeing Company is actively seeking Associate Systems Engineers to join its Saint-Louis based Divisions/Business Units, work locations to include Hazelwood, MO, Saint Charles, MO, or Berkeley, MO. Boeing is focused on providin…",job description boeing innovate collaborate make world better place committed fostering environment every teammate welcoming respectful inclusive great opportunity professional growth find future u boeing company actively seeking associate system engineer join saint louis based division business unit work location include hazelwood mo saint charles mo berkeley mo boeing focused providin,associate system engineer,
"Electrical Design, Analysis and Test Engineer - (Signing Bonus Potential)",Boeing,"Saint Louis, Saint Louis County",Engineering Jobs,1,"Job Description At Boeing, we innovate and collaborate to make the world a better place. We're committed to fostering an environment for every teammate that's welcoming, respectful and inclusive, with great opportunity for professional growth. Find your future with us. The Boeing Company has an exciting opportunity for an Electronic Systems Design, Analysis, and Test Engineer for current and emerging programs across the St. Louis region, including Berkeley, MO, Hazelwood, MO, St. Charles, MO, a…",,"Job Description At Boeing, we innovate and collaborate to make the world a better place. We're committed to fostering an environment for every teammate that's welcoming, respectful and inclusive, with great opportunity for professional growth. Find your future with us. The Boeing Company has an exciting opportunity for an Electronic Systems Design, Analysis, and Test Engineer for current and emerging programs across the St. Louis region, including Berkeley, MO, Hazelwood, MO, St. Charles, MO, a…",job description boeing innovate collaborate make world better place committed fostering environment every teammate welcoming respectful inclusive great opportunity professional growth find future u boeing company exciting opportunity electronic system design analysis test engineer current emerging program across st louis region including berkeley mo hazelwood mo st charles mo,electrical design analysis test engineer signing bonus potential,
F-15 Mission Systems Integration Architect,Boeing,"Saint Louis, Saint Louis County",Engineering Jobs,1,"Job Description At Boeing, we innovate and collaborate to make the world a better place. We're committed to fostering an environment for every teammate that's welcoming, respectful and inclusive, with great opportunity for professional growth. Find your future with us. The Boeing Defense, Space & Security (BDS) team is seeking is seeking a Senior Design and Analysis Engineer located in Berkeley, MO. As a member of the team, you will lead the development and execution of new avionics architectur…",,"Job Description At Boeing, we innovate and collaborate to make the world a better place. We're committed to fostering an environment for every teammate that's welcoming, respectful and inclusive, with great opportunity for professional growth. Find your future with us. The Boeing Defense, Space & Security (BDS) team is seeking is seeking a Senior Design and Analysis Engineer located in Berkeley, MO. As a member of the team, you will lead the development and execution of new avionics architectur…",job description boeing innovate collaborate make world better place committed fostering environment every teammate welcoming respectful inclusive great opportunity professional growth find future u boeing defense space security bd team seeking seeking senior design analysis engineer located berkeley mo member team lead development execution new avionics architectur,f 15 mission system integration architect,
Operations Manager (TS/SCI) with Security Clearance,Figure Eight Federal LLC,"Saint Louis, Saint Louis County",Scientific & QA Jobs,1,"Figure Eight Federal (F8F): Leading the Future of AI Training Data Figure Eight Federal (F8F) provides accurate and reliable human annotated datasets that fuel AI and machine learning for some of the world's biggest brands. With more than 25 years of industry knowledge, F8F's technology powers many of the AI interactions we experience every day. Our solutions and expertise empower our clients to achieve their AI goals and make a significant impact in their industry. We are seeking an exceptiona…",,"Figure Eight Federal (F8F): Leading the Future of AI Training Data Figure Eight Federal (F8F) provides accurate and reliable human annotated datasets that fuel AI and machine learning for some of the world's biggest brands. With more than 25 years of industry knowledge, F8F's technology powers many of the AI interactions we experience every day. Our solutions and expertise empower our clients to achieve their AI goals and make a significant impact in their industry. We are seeking an exceptiona…",figure eight federal f8f leading future ai training data figure eight federal f8f provides accurate reliable human annotated datasets fuel ai machine learning world biggest brand 25 year industry knowledge f8f technology power many ai interaction experience every day solution expertise empower client achieve ai goal make significant impact industry seeking exceptiona,operation manager t sci security clearance,
System Engineer (Senior) 112-131 with Security Clearance,IC-CAP,"Saint Louis, Saint Louis County",IT Jobs,1,"System Engineer (Senior): Overall Assignment Description: The N2W Deployment Systems Engineer shall provide systems engineering, systems integration, project management, process and schedule documentation support. The N2W Deployment Systems Engineer will support the Enterprise Deployment process planning, deployment program coordination, schedule development, mission dependency development and documentation of the deployment of the NCW Enterprise to the new N2W building. The N2W Deployment Syst…",,"System Engineer (Senior): Overall Assignment Description: The N2W Deployment Systems Engineer shall provide systems engineering, systems integration, project management, process and schedule documentation support. The N2W Deployment Systems Engineer will support the Enterprise Deployment process planning, deployment program coordination, schedule development, mission dependency development and documentation of the deployment of the NCW Enterprise to the new N2W building. The N2W Deployment Syst…",system engineer senior overall assignment description n2w deployment system engineer shall provide system engineering system integration project management process schedule documentation support n2w deployment system engineer support enterprise deployment process planning deployment program coordination schedule development mission dependency development documentation deployment ncw enterprise new n2w building n2w deployment syst,system engineer senior 112 131 security clearance,
N2W TSCM Support (Level 3) 127-015 with Security Clearance,IC-CAP,"Saint Louis, Saint Louis County",IT Jobs,1,"N2W TSCM Support (Level 3) to conduct TSCM, Foreign Visit, Gift Inspection, Digital Counterexploitation, Technical Evaluation activities and other technical operations supporting the NGA TSCM program, TSSC modernization goals, and Office of Counterintelligence Technical CI Division. Maintain familiarization with all governing national and agency level policies, ensuring compliance with all facets of reporting and training requirements as well as all other regulatory guidelines. Duties may inclu…",,"N2W TSCM Support (Level 3) to conduct TSCM, Foreign Visit, Gift Inspection, Digital Counterexploitation, Technical Evaluation activities and other technical operations supporting the NGA TSCM program, TSSC modernization goals, and Office of Counterintelligence Technical CI Division. Maintain familiarization with all governing national and agency level policies, ensuring compliance with all facets of reporting and training requirements as well as all other regulatory guidelines. Duties may inclu…",n2w tscm support level 3 conduct tscm foreign visit gift inspection digital counterexploitation technical evaluation activity technical operation supporting nga tscm program tssc modernization goal office counterintelligence technical ci division maintain familiarization governing national agency level policy ensuring compliance facet reporting training requirement well regulatory guideline duty may inclu,n2w tscm support level 3 127 015 security clearance,
[High Salary] Systems Engineer (Experienced or Lead),Boeing,"Saint Louis, Saint Louis County",Engineering Jobs,1,"Job Description At Boeing, we innovate and collaborate to make the world a better place. We're committed to fostering an environment for every teammate that's welcoming, respectful and inclusive, with great opportunity for professional growth. Find your future with us. A leading global aerospace company and top U.S. exporter, Boeing develops, manufactures and services commercial airplanes, defense products and space systems for customers in more than 150 countries. Our U.S. and global workforce…",,"Job Description At Boeing, we innovate and collaborate to make the world a better place. We're committed to fostering an environment for every teammate that's welcoming, respectful and inclusive, with great opportunity for professional growth. Find your future with us. A leading global aerospace company and top U.S. exporter, Boeing develops, manufactures and services commercial airplanes, defense products and space systems for customers in more than 150 countries. Our U.S. and global workforce…",job description boeing innovate collaborate make world better place committed fostering environment every teammate welcoming respectful inclusive great opportunity professional growth find future u leading global aerospace company top u exporter boeing develops manufacture service commercial airplane defense product space system customer 150 country u global workforce,high salary system engineer experienced lead,
Systems Engineer (Experienced or Lead),Boeing,"Saint Louis, Saint Louis County",Engineering Jobs,1,"Job Description At Boeing, we innovate and collaborate to make the world a better place. We're committed to fostering an environment for every teammate that's welcoming, respectful and inclusive, with great opportunity for professional growth. Find your future with us. A leading global aerospace company and top U.S. exporter, Boeing develops, manufactures and services commercial airplanes, defense products and space systems for customers in more than 150 countries. Our U.S. and global workforce…",,"Job Description At Boeing, we innovate and collaborate to make the world a better place. We're committed to fostering an environment for every teammate that's welcoming, respectful and inclusive, with great opportunity for professional growth. Find your future with us. A leading global aerospace company and top U.S. exporter, Boeing develops, manufactures and services commercial airplanes, defense products and space systems for customers in more than 150 countries. Our U.S. and global workforce…",job description boeing innovate collaborate make world better place committed fostering environment every teammate welcoming respectful inclusive great opportunity professional growth find future u leading global aerospace company top u exporter boeing develops manufacture service commercial airplane defense product space system customer 150 country u global workforce,system engineer experienced lead,
"Senior Electronic Systems Design, Analysis, and Test Engineer - Fighters - (Signing Bonus Potential)",Boeing,"Saint Louis, Saint Louis County",Engineering Jobs,1,"Job Description At Boeing, we innovate and collaborate to make the world a better place. We're committed to fostering an environment for every teammate that's welcoming, respectful and inclusive, with great opportunity for professional growth. Find your future with us. The Boeing Company has an exciting opportunity for a Senior Electronic Systems Design, Analysis, and Test Engineer for Fighters programs located in Berkeley, MO. These programs include: - F/A-18, EA-18G, F-15, F-22 - production t…",,"Job Description At Boeing, we innovate and collaborate to make the world a better place. We're committed to fostering an environment for every teammate that's welcoming, respectful and inclusive, with great opportunity for professional growth. Find your future with us. The Boeing Company has an exciting opportunity for a Senior Electronic Systems Design, Analysis, and Test Engineer for Fighters programs located in Berkeley, MO. These programs include: - F/A-18, EA-18G, F-15, F-22 - production t…",job description boeing innovate collaborate make world better place committed fostering environment every teammate welcoming respectful inclusive great opportunity professional growth find future u boeing company exciting opportunity senior electronic system design analysis test engineer fighter program located berkeley mo program include f 18 ea 18g f 15 f 22 production,senior electronic system design analysis test engineer fighter signing bonus potential,
Equipment & Tool Engineer with Security Clearance,Beacon Hill,"Saint Louis, Saint Louis County",Engineering Jobs,1,"As a Tooling Engineer, you will evaluate program and project requirements to develop complex equipment and tooling concepts. You will analyze technical data to assess the impact on product engineering design and rate estimates, while also identifying opportunities for robotics, automation, and system integration. Your role will ensure compliance with safety, producibility, maintainability, reliability, and regulatory requirements. Key Responsibilities: Develop and design tooling solutions using…",,"As a Tooling Engineer, you will evaluate program and project requirements to develop complex equipment and tooling concepts. You will analyze technical data to assess the impact on product engineering design and rate estimates, while also identifying opportunities for robotics, automation, and system integration. Your role will ensure compliance with safety, producibility, maintainability, reliability, and regulatory requirements. Key Responsibilities: Develop and design tooling solutions using…",tooling engineer evaluate program project requirement develop complex equipment tooling concept analyze technical data assess impact product engineering design rate estimate also identifying opportunity robotics automation system integration role ensure compliance safety producibility maintainability reliability regulatory requirement key responsibility develop design tooling solution using,equipment tool engineer security clearance,
(Urgent Search) Experienced Mass Properties Engineer,Boeing,"Saint Louis, Saint Louis County",Engineering Jobs,1,"Job Description At Boeing, we innovate and collaborate to make the world a better place. We're committed to fostering an environment for every teammate that's welcoming, respectful and inclusive, with great opportunity for professional growth. Find your future with us. Boeing Defense, Space & Security's Phantom Works division is seeking an Experienced Mass Properties Engineer at the Hazelwood, MO or Berkeley, MO site to support upcoming Advanced Development Programs. The individual in this role…",,"Job Description At Boeing, we innovate and collaborate to make the world a better place. We're committed to fostering an environment for every teammate that's welcoming, respectful and inclusive, with great opportunity for professional growth. Find your future with us. Boeing Defense, Space & Security's Phantom Works division is seeking an Experienced Mass Properties Engineer at the Hazelwood, MO or Berkeley, MO site to support upcoming Advanced Development Programs. The individual in this role…",job description boeing innovate collaborate make world better place committed fostering environment every teammate welcoming respectful inclusive great opportunity professional growth find future u boeing defense space security phantom work division seeking experienced mass property engineer hazelwood mo berkeley mo site support upcoming advanced development program individual role,urgent search experienced mass property engineer,
Senior Data Scientist with Security Clearance,Integrity First Technologies LLC,"Saint Louis, Saint Louis County",IT Jobs,1,"Senior Data Scientist (10 yrs experience) - NGA Campus West (NCW), St. Louis, MO *Must have a background with intelligence experience, providing analysis and/or data science to an intelligence mission. *Must be able to operate at a senior level and in an independent environment. *Must be proficient and creating processes around large data sets to identify analytical discoveries *Must be able to take these discoveries and provide them through visualizations that are easily integrated into daily …",,"Senior Data Scientist (10 yrs experience) - NGA Campus West (NCW), St. Louis, MO *Must have a background with intelligence experience, providing analysis and/or data science to an intelligence mission. *Must be able to operate at a senior level and in an independent environment. *Must be proficient and creating processes around large data sets to identify analytical discoveries *Must be able to take these discoveries and provide them through visualizations that are easily integrated into daily …",senior data scientist 10 yr experience nga campus west ncw st louis mo must background intelligence experience providing analysis data science intelligence mission must able operate senior level independent environment must proficient creating process around large data set identify analytical discovery must able take discovery provide visualization easily integrated daily,senior data scientist security clearance,
Senior Electronic Systems Design and Analysis Engineer - Mission Computing - Signing Bonus Potential,Boeing,"Saint Louis, Saint Louis County",Engineering Jobs,1,"Job Description At Boeing, we innovate and collaborate to make the world a better place. We're committed to fostering an environment for every teammate that's welcoming, respectful and inclusive, with great opportunity for professional growth. Find your future with us. The Boeing Company has an exciting opportunity for an Experienced/Senior Electronic Systems Design and Analysis Engineer for current and emerging fixed wing fighter programs located in Berkeley, MO. These programs include: - F-47…",,"Job Description At Boeing, we innovate and collaborate to make the world a better place. We're committed to fostering an environment for every teammate that's welcoming, respectful and inclusive, with great opportunity for professional growth. Find your future with us. The Boeing Company has an exciting opportunity for an Experienced/Senior Electronic Systems Design and Analysis Engineer for current and emerging fixed wing fighter programs located in Berkeley, MO. These programs include: - F-47…",job description boeing innovate collaborate make world better place committed fostering environment every teammate welcoming respectful inclusive great opportunity professional growth find future u boeing company exciting opportunity experienced senior electronic system design analysis engineer current emerging fixed wing fighter program located berkeley mo program include f 47,senior electronic system design analysis engineer mission computing signing bonus potential,
▷ (Only 24h Left) Senior Electronic Systems Design and Analysis Engineer - Mission Computing - Signing Bonus Potential,Boeing,"Saint Louis, Saint Louis County",Engineering Jobs,1,"Job Description At Boeing, we innovate and collaborate to make the world a better place. We're committed to fostering an environment for every teammate that's welcoming, respectful and inclusive, with great opportunity for professional growth. Find your future with us. The Boeing Company has an exciting opportunity for an Experienced/Senior Electronic Systems Design and Analysis Engineer for current and emerging fixed wing fighter programs located in Berkeley, MO. These programs include: - F-47…",,"Job Description At Boeing, we innovate and collaborate to make the world a better place. We're committed to fostering an environment for every teammate that's welcoming, respectful and inclusive, with great opportunity for professional growth. Find your future with us. The Boeing Company has an exciting opportunity for an Experienced/Senior Electronic Systems Design and Analysis Engineer for current and emerging fixed wing fighter programs located in Berkeley, MO. These programs include: - F-47…",job description boeing innovate collaborate make world better place committed fostering environment every teammate welcoming respectful inclusive great opportunity professional growth find future u boeing company exciting opportunity experienced senior electronic system design analysis engineer current emerging fixed wing fighter program located berkeley mo program include f 47,24h left senior electronic system design analysis engineer mission computing signing bonus potential,
"▷ Urgent Search! Lead Navigations, Communications, and Data Link Engineer",Boeing,"Saint Louis, Saint Louis County",Engineering Jobs,1,"Job Description At Boeing, we innovate and collaborate to make the world a better place. We're committed to fostering an environment for every teammate that's welcoming, respectful and inclusive, with great opportunity for professional growth. Find your future with us. Boeing Mission Systems Phantom Works organization has an exciting opportunity for a senior level Communication Navigation Identification (CNI) engineer. This CNI engineering will be part of a proprietary program located in Berkel…",,"Job Description At Boeing, we innovate and collaborate to make the world a better place. We're committed to fostering an environment for every teammate that's welcoming, respectful and inclusive, with great opportunity for professional growth. Find your future with us. Boeing Mission Systems Phantom Works organization has an exciting opportunity for a senior level Communication Navigation Identification (CNI) engineer. This CNI engineering will be part of a proprietary program located in Berkel…",job description boeing innovate collaborate make world better place committed fostering environment every teammate welcoming respectful inclusive great opportunity professional growth find future u boeing mission system phantom work organization exciting opportunity senior level communication navigation identification cni engineer cni engineering part proprietary program located berkel,urgent search lead navigation communication data link engineer,
Lead Mission Systems Crew Systems Engineer,Boeing,"Saint Louis, Saint Louis County",Engineering Jobs,1,"Job Description At Boeing, we innovate and collaborate to make the world a better place. We're committed to fostering an environment for every teammate that's welcoming, respectful and inclusive, with great opportunity for professional growth. Find your future with us. Boeing Mission Systems Phantom Works organization has an exciting opportunity for an experience to senior level/ lead Mission Systems Crew Systems Engineer. This position will be part of a proprietary program located in Berkeley,…",,"Job Description At Boeing, we innovate and collaborate to make the world a better place. We're committed to fostering an environment for every teammate that's welcoming, respectful and inclusive, with great opportunity for professional growth. Find your future with us. Boeing Mission Systems Phantom Works organization has an exciting opportunity for an experience to senior level/ lead Mission Systems Crew Systems Engineer. This position will be part of a proprietary program located in Berkeley,…",job description boeing innovate collaborate make world better place committed fostering environment every teammate welcoming respectful inclusive great opportunity professional growth find future u boeing mission system phantom work organization exciting opportunity experience senior level lead mission system crew system engineer position part proprietary program located berkeley,lead mission system crew system engineer,
Lead Mission Systems Crew Systems Engineer [High Salary],Boeing,"Saint Louis, Saint Louis County",Engineering Jobs,1,"Job Description At Boeing, we innovate and collaborate to make the world a better place. We're committed to fostering an environment for every teammate that's welcoming, respectful and inclusive, with great opportunity for professional growth. Find your future with us. Boeing Mission Systems Phantom Works organization has an exciting opportunity for an experience to senior level/ lead Mission Systems Crew SystemsEngineer. This position will be part of a proprietary program located in Berkeley, …",,"Job Description At Boeing, we innovate and collaborate to make the world a better place. We're committed to fostering an environment for every teammate that's welcoming, respectful and inclusive, with great opportunity for professional growth. Find your future with us. Boeing Mission Systems Phantom Works organization has an exciting opportunity for an experience to senior level/ lead Mission Systems Crew SystemsEngineer. This position will be part of a proprietary program located in Berkeley, …",job description boeing innovate collaborate make world better place committed fostering environment every teammate welcoming respectful inclusive great opportunity professional growth find future u boeing mission system phantom work organization exciting opportunity experience senior level lead mission system crew systemsengineer position part proprietary program located berkeley,lead mission system crew system engineer high salary,
"(High Salary) Lead Navigations, Communications, and Data Link Engineer",Boeing,"Saint Louis, Saint Louis County",Engineering Jobs,1,"Job Description At Boeing, we innovate and collaborate to make the world a better place. We're committed to fostering an environment for every teammate that's welcoming, respectful and inclusive, with great opportunity for professional growth. Find your future with us. Boeing Mission Systems Phantom Works organization has an exciting opportunity for a senior level Communication Navigation Identification (CNI) engineer. This CNI engineering will be part of a proprietary program located in Berkel…",,"Job Description At Boeing, we innovate and collaborate to make the world a better place. We're committed to fostering an environment for every teammate that's welcoming, respectful and inclusive, with great opportunity for professional growth. Find your future with us. Boeing Mission Systems Phantom Works organization has an exciting opportunity for a senior level Communication Navigation Identification (CNI) engineer. This CNI engineering will be part of a proprietary program located in Berkel…",job description boeing innovate collaborate make world better place committed fostering environment every teammate welcoming respectful inclusive great opportunity professional growth find future u boeing mission system phantom work organization exciting opportunity senior level communication navigation identification cni engineer cni engineering part proprietary program located berkel,high salary lead navigation communication data link engineer,
Software Engineer Level 3-5 with Security Clearance,Beacon Hill,"Manchester, Saint Louis County",IT Jobs,1," Location: Hazelwood/Berkeley, Missouri (100% Onsite)  Must have an active Secret clearance and be eligible for Special Access Clearance  Contract-to-Hire | U.S. Citizenship Required Join a top-tier aerospace and defense company leading innovation in next-generation platforms and secure systems. We are seeking Software Engineers with strong experience in embedded systems, real-time development, and CI/CD pipelines to support mission-critical, high-security programs.  Key Responsibilities: Desig…",,"Location: Hazelwood/Berkeley, Missouri (100% Onsite)  Must have an active Secret clearance and be eligible for Special Access Clearance  Contract-to-Hire | U.S. Citizenship Required Join a top-tier aerospace and defense company leading innovation in next-generation platforms and secure systems. We are seeking Software Engineers with strong experience in embedded systems, real-time development, and CI/CD pipelines to support mission-critical, high-security programs.  Key Responsibilities: Desig…",location hazelwood berkeley missouri 100 onsite must active secret clearance eligible special access clearance contract hire u citizenship required join top tier aerospace defense company leading innovation next generation platform secure system seeking software engineer strong experience embedded system real time development ci cd pipeline support mission critical high security program key responsibility desig,software engineer level 3 5 security clearance,
Backend Software Engineer with Security Clearance,Latitude Inc.,"Saint Louis, Saint Louis County",IT Jobs,1,"Responsibilities: This role supports the development of innovative systems for analytics, exploitation, production, and dissemination using web, remote desktop, and cloud technologies. Candidates should have 3 years of Python and C#/Java framework experience, 4 years with unit testing, CI tools, and GitLab, and expertise in cloud/SOA/web services or virtualization. The role also requires the ability to plan and prioritize in Confluence/Jira environments and communicate ideas clearly across dive…",,"Responsibilities: This role supports the development of innovative systems for analytics, exploitation, production, and dissemination using web, remote desktop, and cloud technologies. Candidates should have 3 years of Python and C#/Java framework experience, 4 years with unit testing, CI tools, and GitLab, and expertise in cloud/SOA/web services or virtualization. The role also requires the ability to plan and prioritize in Confluence/Jira environments and communicate ideas clearly across dive…",responsibility role support development innovative system analytics exploitation production dissemination using web remote desktop cloud technology candidate 3 year python c java framework experience 4 year unit testing ci tool gitlab expertise cloud soa web service virtualization role also requires ability plan prioritize confluence jira environment communicate idea clearly across dive,backend software engineer security clearance,
Electrophysics Engineer,Boeing,"Saint Louis, Saint Louis County",Engineering Jobs,1,"Job Description At Boeing, we innovate and collaborate to make the world a better place. We're committed to fostering an environment for every teammate that's welcoming, respectful and inclusive, with great opportunity for professional growth. Find your future with us. The Boeing Defense, Space & Security (BDS) team is seeking a Electronic Warefare Engineer located in Berkeley, MO. Position Responsibilities: - Lead collaboration with Suppliers to develop and enhance advanced electronic warfare …",,"Job Description At Boeing, we innovate and collaborate to make the world a better place. We're committed to fostering an environment for every teammate that's welcoming, respectful and inclusive, with great opportunity for professional growth. Find your future with us. The Boeing Defense, Space & Security (BDS) team is seeking a Electronic Warefare Engineer located in Berkeley, MO. Position Responsibilities: - Lead collaboration with Suppliers to develop and enhance advanced electronic warfare …",job description boeing innovate collaborate make world better place committed fostering environment every teammate welcoming respectful inclusive great opportunity professional growth find future u boeing defense space security bd team seeking electronic warefare engineer located berkeley mo position responsibility lead collaboration supplier develop enhance advanced electronic warfare,electrophysics engineer,
[3 Days Left] Electrophysics Engineer,Boeing,"Saint Louis, Saint Louis County",Engineering Jobs,1,"Job Description At Boeing, we innovate and collaborate to make the world a better place. We're committed to fostering an environment for every teammate that's welcoming, respectful and inclusive, with great opportunity for professional growth. Find your future with us. The Boeing Defense, Space & Security (BDS) team is seeking a Electronic Warefare Engineer located in Berkeley, MO. Position Responsibilities: - Lead collaboration with Suppliers to develop and enhance advanced electronic warfare …",,"Job Description At Boeing, we innovate and collaborate to make the world a better place. We're committed to fostering an environment for every teammate that's welcoming, respectful and inclusive, with great opportunity for professional growth. Find your future with us. The Boeing Defense, Space & Security (BDS) team is seeking a Electronic Warefare Engineer located in Berkeley, MO. Position Responsibilities: - Lead collaboration with Suppliers to develop and enhance advanced electronic warfare …",job description boeing innovate collaborate make world better place committed fostering environment every teammate welcoming respectful inclusive great opportunity professional growth find future u boeing defense space security bd team seeking electronic warefare engineer located berkeley mo position responsibility lead collaboration supplier develop enhance advanced electronic warfare,3 day left electrophysics engineer,
Experienced Design and Analysis Engineer (Electrical Systems Design),Boeing,"Saint Louis, Saint Louis County",Engineering Jobs,1,"Job Description At Boeing, we innovate and collaborate to make the world a better place. We're committed to fostering an environment for every teammate that's welcoming, respectful and inclusive, with great opportunity for professional growth. Find your future with us. The Boeing Defense, Space & Security (BDS) team is seeking an experienced Electronic Systems Design and Analysis Engineer to join our team in Berkeley, MO. You will join the F-15/T-7 electrical team where we will look for you to …",,"Job Description At Boeing, we innovate and collaborate to make the world a better place. We're committed to fostering an environment for every teammate that's welcoming, respectful and inclusive, with great opportunity for professional growth. Find your future with us. The Boeing Defense, Space & Security (BDS) team is seeking an experienced Electronic Systems Design and Analysis Engineer to join our team in Berkeley, MO. You will join the F-15/T-7 electrical team where we will look for you to …",job description boeing innovate collaborate make world better place committed fostering environment every teammate welcoming respectful inclusive great opportunity professional growth find future u boeing defense space security bd team seeking experienced electronic system design analysis engineer join team berkeley mo join f 15 7 electrical team look,experienced design analysis engineer electrical system design,
Ground Systems Hardware Architect,Boeing,"Saint Louis, Saint Louis County",Engineering Jobs,1,"Job Description At Boeing, we innovate and collaborate to make the world a better place. We're committed to fostering an environment for every teammate that's welcoming, respectful and inclusive, with great opportunity for professional growth. Find your future with us. Boeing Defense, Space & Security (BDS) is seeking a highly skilled Senior Level Ground Hardware Architect to support a Phantom Works Fixed Wing Proprietary Program to work in Berkeley, MO. You will be joining a fast-paced program…",,"Job Description At Boeing, we innovate and collaborate to make the world a better place. We're committed to fostering an environment for every teammate that's welcoming, respectful and inclusive, with great opportunity for professional growth. Find your future with us. Boeing Defense, Space & Security (BDS) is seeking a highly skilled Senior Level Ground Hardware Architect to support a Phantom Works Fixed Wing Proprietary Program to work in Berkeley, MO. You will be joining a fast-paced program…",job description boeing innovate collaborate make world better place committed fostering environment every teammate welcoming respectful inclusive great opportunity professional growth find future u boeing defense space security bd seeking highly skilled senior level ground hardware architect support phantom work fixed wing proprietary program work berkeley mo joining fast paced program,ground system hardware architect,
▷ High Salary: Ground Systems Hardware Architect,Boeing,"Saint Louis, Saint Louis County",Engineering Jobs,1,"Job Description At Boeing, we innovate and collaborate to make the world a better place. We're committed to fostering an environment for every teammate that's welcoming, respectful and inclusive, with great opportunity for professional growth. Find your future with us. Boeing Defense, Space & Security (BDS) is seeking a highly skilled Senior Level Ground Hardware Architect to support a Phantom Works Fixed Wing Proprietary Program to work in Berkeley, MO. You will be joining a fast-paced program…",,"Job Description At Boeing, we innovate and collaborate to make the world a better place. We're committed to fostering an environment for every teammate that's welcoming, respectful and inclusive, with great opportunity for professional growth. Find your future with us. Boeing Defense, Space & Security (BDS) is seeking a highly skilled Senior Level Ground Hardware Architect to support a Phantom Works Fixed Wing Proprietary Program to work in Berkeley, MO. You will be joining a fast-paced program…",job description boeing innovate collaborate make world better place committed fostering environment every teammate welcoming respectful inclusive great opportunity professional growth find future u boeing defense space security bd seeking highly skilled senior level ground hardware architect support phantom work fixed wing proprietary program work berkeley mo joining fast paced program,high salary ground system hardware architect,
SQL Database Administrator,"iBrain Technologies, Inc","Saint Louis, Saint Louis County",IT Jobs,1,"Job Description SQL DBA Location: St Louis MO Local candidates only The Sr. DBA is responsible for supporting SQL server databases and ensuring their performance, availability, and security within both the production and development environments. PRINCIPAL RESPONSIBILITIES AND DUTIES: 1. Proactively monitors multiple database systems to ensure that available and secure services are provided to IT customers with a minimum of downtime. 2. Responsible for troubleshooting and problem solving of dat…",,"Job Description SQL DBA Location: St Louis MO Local candidates only The Sr. DBA is responsible for supporting SQL server databases and ensuring their performance, availability, and security within both the production and development environments. PRINCIPAL RESPONSIBILITIES AND DUTIES: 1. Proactively monitors multiple database systems to ensure that available and secure services are provided to IT customers with a minimum of downtime. 2. Responsible for troubleshooting and problem solving of dat…",job description sql dba location st louis mo local candidate sr dba responsible supporting sql server database ensuring performance availability security within production development environment principal responsibility duty 1 proactively monitor multiple database system ensure available secure service provided customer minimum downtime 2 responsible troubleshooting problem solving dat,sql database administrator,
DevOps Network Engineer with Security Clearance,Aqua IT,"Saint Louis, Saint Louis County",IT Jobs,1,"Description: We have an opening for a Senior DevOps Engineer with strong networking experience to assist with the development, integration, deployment, and sustainment of mission critical systems. Responsibilities: • The primary duties will be to support the deployment of microservices via a DevSecOps pipeline within a Linux-based multi-tenant environment. • Extensive experience designing, implementing, and securing virtual networks within AWS • Experience implementing VPC network connectivity …",,"Description: We have an opening for a Senior DevOps Engineer with strong networking experience to assist with the development, integration, deployment, and sustainment of mission critical systems. Responsibilities: • The primary duties will be to support the deployment of microservices via a DevSecOps pipeline within a Linux-based multi-tenant environment. • Extensive experience designing, implementing, and securing virtual networks within AWS • Experience implementing VPC network connectivity …",description opening senior devops engineer strong networking experience assist development integration deployment sustainment mission critical system responsibility primary duty support deployment microservices via devsecops pipeline within linux based multi tenant environment extensive experience designing implementing securing virtual network within aws experience implementing vpc network connectivity,devops network engineer security clearance,
DevOps Engineer with Security Clearance,Aqua IT,"Saint Louis, Saint Louis County",IT Jobs,1,"Location: St. Louis, MO Chantilly, VA; Alexandria, VA; (50% remote) Clearance: Top Secret (TS/SCI preferred) JOB DESCRIPTION: Aqua IT has an opening for an experienced DevOps Engineer to assist with the development, integration, deployment, and sustainment of mission critical systems. RESPONSIBILITIES: • The primary duties will be to support the deployment of microservices via a DevSecOps pipeline within a Linux-based multi-tenant environment. • Develop, update, and maintain GitLab CI/CD pipeli…",,"Location: St. Louis, MO Chantilly, VA; Alexandria, VA; (50% remote) Clearance: Top Secret (TS/SCI preferred) JOB DESCRIPTION: Aqua IT has an opening for an experienced DevOps Engineer to assist with the development, integration, deployment, and sustainment of mission critical systems. RESPONSIBILITIES: • The primary duties will be to support the deployment of microservices via a DevSecOps pipeline within a Linux-based multi-tenant environment. • Develop, update, and maintain GitLab CI/CD pipeli…",location st louis mo chantilly va alexandria va 50 remote clearance top secret t sci preferred job description aqua opening experienced devops engineer assist development integration deployment sustainment mission critical system responsibility primary duty support deployment microservices via devsecops pipeline within linux based multi tenant environment develop update maintain gitlab ci cd pipeli,devops engineer security clearance,
Logistics Principal,SAIC,"Wellston, Saint Louis County",IT Jobs,1,Description SAIC is seeking a Logistics Deployment Analyst to provide Support in planning and implementing the seamless move of mission and people from our government customer's current location to its new location. This position will be responsible for planning and defining mission dependencies and include contingency strategies. The Deployment team is seeking a person expertly versed in deployment logistics associated with corporate or military relocation efforts and planning. Responsibilitie…,,Description SAIC is seeking a Logistics Deployment Analyst to provide Support in planning and implementing the seamless move of mission and people from our government customer's current location to its new location. This position will be responsible for planning and defining mission dependencies and include contingency strategies. The Deployment team is seeking a person expertly versed in deployment logistics associated with corporate or military relocation efforts and planning. Responsibilitie…,description saic seeking logistics deployment analyst provide support planning implementing seamless move mission people government customer current location new location position responsible planning defining mission dependency include contingency strategy deployment team seeking person expertly versed deployment logistics associated corporate military relocation effort planning responsibilitie,logistics principal,
▷ (High Salary) Senior Systems Engineer,BOEING,"Saint Louis, Saint Louis County",Engineering Jobs,1,"Job Description At Boeing, we innovate and collaborate to make the world a better place. We're committed to fostering an environment for every teammate that's welcoming, respectful and inclusive, with great opportunity for professional growth. Find your future with us. Boeing Defense, Space & Security (BDS) Air Dominance/ Phantom Works Systems Engineering Integration and Test (SEIT) team is seeking Senior Systems Engineers to support development efforts on a proprietary program in Berkeley, MO.…",,"Job Description At Boeing, we innovate and collaborate to make the world a better place. We're committed to fostering an environment for every teammate that's welcoming, respectful and inclusive, with great opportunity for professional growth. Find your future with us. Boeing Defense, Space & Security (BDS) Air Dominance/ Phantom Works Systems Engineering Integration and Test (SEIT) team is seeking Senior Systems Engineers to support development efforts on a proprietary program in Berkeley, MO.…",job description boeing innovate collaborate make world better place committed fostering environment every teammate welcoming respectful inclusive great opportunity professional growth find future u boeing defense space security bd air dominance phantom work system engineering integration test seit team seeking senior system engineer support development effort proprietary program berkeley mo,high salary senior system engineer,
EA-18G Senior Systems Engineer,Boeing,"Saint Louis, Saint Louis County",Engineering Jobs,1,"Job Description At Boeing, we innovate and collaborate to make the world a better place. We're committed to fostering an environment for every teammate that's welcoming, respectful and inclusive, with great opportunity for professional growth. Find your future with us. Boeing Defense, Space & Security (BDS) is seeking motivated and talented Senior Systems Engineer (Level 5) to join our Fighters team in the St. Louis, Missouri region. As a systems engineer, you will apply an interdisciplinary ap…",,"Job Description At Boeing, we innovate and collaborate to make the world a better place. We're committed to fostering an environment for every teammate that's welcoming, respectful and inclusive, with great opportunity for professional growth. Find your future with us. Boeing Defense, Space & Security (BDS) is seeking motivated and talented Senior Systems Engineer (Level 5) to join our Fighters team in the St. Louis, Missouri region. As a systems engineer, you will apply an interdisciplinary ap…",job description boeing innovate collaborate make world better place committed fostering environment every teammate welcoming respectful inclusive great opportunity professional growth find future u boeing defense space security bd seeking motivated talented senior system engineer level 5 join fighter team st louis missouri region system engineer apply interdisciplinary ap,ea 18g senior system engineer,
Senior Systems Engineer,Boeing,"Saint Louis, Saint Louis County",Engineering Jobs,1,"Job Description At Boeing, we innovate and collaborate to make the world a better place. We're committed to fostering an environment for every teammate that's welcoming, respectful and inclusive, with great opportunity for professional growth. Find your future with us. Boeing Defense, Space & Security (BDS) Air Dominance/ Phantom Works Systems Engineering Integration and Test (SEIT) team is seeking Senior Systems Engineers to support development efforts on a proprietary program in Berkeley, MO.…",,"Job Description At Boeing, we innovate and collaborate to make the world a better place. We're committed to fostering an environment for every teammate that's welcoming, respectful and inclusive, with great opportunity for professional growth. Find your future with us. Boeing Defense, Space & Security (BDS) Air Dominance/ Phantom Works Systems Engineering Integration and Test (SEIT) team is seeking Senior Systems Engineers to support development efforts on a proprietary program in Berkeley, MO.…",job description boeing innovate collaborate make world better place committed fostering environment every teammate welcoming respectful inclusive great opportunity professional growth find future u boeing defense space security bd air dominance phantom work system engineering integration test seit team seeking senior system engineer support development effort proprietary program berkeley mo,senior system engineer,
Mid or Senior level Design and Analysis Engineer (Electrical Systems Design),Boeing,"Saint Louis, Saint Louis County",Engineering Jobs,1,"Job Description At Boeing, we innovate and collaborate to make the world a better place. We're committed to fostering an environment for every teammate that's welcoming, respectful and inclusive, with great opportunity for professional growth. Find your future with us. The Boeing Defense and Space Air Dominance Team is seeking a Mid (Level 3) to Senior (Level 4) F/A-18 Systems Electrical Design Engineer to design System Wiring Diagrams and on the F/A-18 in support of current production and futu…",,"Job Description At Boeing, we innovate and collaborate to make the world a better place. We're committed to fostering an environment for every teammate that's welcoming, respectful and inclusive, with great opportunity for professional growth. Find your future with us. The Boeing Defense and Space Air Dominance Team is seeking a Mid (Level 3) to Senior (Level 4) F/A-18 Systems Electrical Design Engineer to design System Wiring Diagrams and on the F/A-18 in support of current production and futu…",job description boeing innovate collaborate make world better place committed fostering environment every teammate welcoming respectful inclusive great opportunity professional growth find future u boeing defense space air dominance team seeking mid level 3 senior level 4 f 18 system electrical design engineer design system wiring diagram f 18 support current production futu,mid senior level design analysis engineer electrical system design,
Integration & Analysis Engineer (Level 4) with Security Clearance,Beacon Hill,"Saint Louis, Saint Louis County",IT Jobs,1,"We are seeking an experienced Core Processing Integration & Analysis Engineer (Level 4) to support advanced Air Dominance Mission Systems Programs within the defense and aerospace sector. The engineer will provide subject matter expertise in core processor systems integration, with a strong focus on requirements decomposition, Model Based Systems Engineering (MBSE), and mission system interoperability. This role requires the ability to lead integration efforts, partner with customers, and drive…",,"We are seeking an experienced Core Processing Integration & Analysis Engineer (Level 4) to support advanced Air Dominance Mission Systems Programs within the defense and aerospace sector. The engineer will provide subject matter expertise in core processor systems integration, with a strong focus on requirements decomposition, Model Based Systems Engineering (MBSE), and mission system interoperability. This role requires the ability to lead integration efforts, partner with customers, and drive…",seeking experienced core processing integration analysis engineer level 4 support advanced air dominance mission system program within defense aerospace sector engineer provide subject matter expertise core processor system integration strong focus requirement decomposition model based system engineering mbse mission system interoperability role requires ability lead integration effort partner customer drive,integration analysis engineer level 4 security clearance,
RF Electrical Engineer 3 with Security Clearance,Beacon Hill,"Manchester, Saint Louis County",Engineering Jobs,1,"The position will consist of engineering oversight of complex hardware redesigns, develop/execute design/threat trade studies and work closely with our supplier, program office and aircraft modification partners to meet requirements of the various programs. Position Responsibilities: Collaborate with Suppliers to develop and refine electronic warfare systems, ensuring alignment with requirements and specifications. Assist in the integration of electronic warfare systems into a tactical aircraft…",,"The position will consist of engineering oversight of complex hardware redesigns, develop/execute design/threat trade studies and work closely with our supplier, program office and aircraft modification partners to meet requirements of the various programs. Position Responsibilities: Collaborate with Suppliers to develop and refine electronic warfare systems, ensuring alignment with requirements and specifications. Assist in the integration of electronic warfare systems into a tactical aircraft…",position consist engineering oversight complex hardware redesigns develop execute design threat trade study work closely supplier program office aircraft modification partner meet requirement various program position responsibility collaborate supplier develop refine electronic warfare system ensuring alignment requirement specification assist integration electronic warfare system tactical aircraft,rf electrical engineer 3 security clearance,
Principal IT Architect,The Timberline Group,"Saint Louis, Saint Louis County",IT Jobs,1,"The Software Architect will be an important and influential member of the IT Development Team. This person will need superior expertise gained from extensive experience and industry research of best practices within application design, coding, database and architecture. Position will contribute to a team project predominately focusing on architecture and development. You will work with a team typically in an Agile methodology completing various development and coding initiatives. Reports to: Pr…",,"The Software Architect will be an important and influential member of the IT Development Team. This person will need superior expertise gained from extensive experience and industry research of best practices within application design, coding, database and architecture. Position will contribute to a team project predominately focusing on architecture and development. You will work with a team typically in an Agile methodology completing various development and coding initiatives. Reports to: Pr…",software architect important influential member development team person need superior expertise gained extensive experience industry research best practice within application design coding database architecture position contribute team project predominately focusing architecture development work team typically agile methodology completing various development coding initiative report pr,principal architect,
Geospatial Data Manager (Secret) with Security Clearance,Figure Eight Federal LLC,"Saint Louis, Saint Louis County",IT Jobs,1,"Figure Eight Federal (F8F): Leading the Future of AI Training Data Figure Eight Federal (F8F) provides accurate and reliable human annotated datasets that fuel AI and machine learning for some of the world's biggest brands. With more than 25 years of industry knowledge, F8F's technology powers many of the AI interactions we experience every day. Our solutions and expertise empower our clients to achieve their AI goals and make a significant impact in their industry. As a Geospatial Data Manager…",,"Figure Eight Federal (F8F): Leading the Future of AI Training Data Figure Eight Federal (F8F) provides accurate and reliable human annotated datasets that fuel AI and machine learning for some of the world's biggest brands. With more than 25 years of industry knowledge, F8F's technology powers many of the AI interactions we experience every day. Our solutions and expertise empower our clients to achieve their AI goals and make a significant impact in their industry. As a Geospatial Data Manager…",figure eight federal f8f leading future ai training data figure eight federal f8f provides accurate reliable human annotated datasets fuel ai machine learning world biggest brand 25 year industry knowledge f8f technology power many ai interaction experience every day solution expertise empower client achieve ai goal make significant impact industry geospatial data manager,geospatial data manager secret security clearance,
TSCM Practitioner (Level III),Amentum,"Wellston, Saint Louis County",IT Jobs,1,"Amentum is seeking a TSCM Practitioner III to support the National Geospatial-Intelligence Agency (NGA), Office of Counterintelligence (SIC) in Washington, DC and St. Louis, MO. TSCM Practitioner III conducts TSCM, Foreign Visit, Gift Inspection, Digital Counterexploitation, Technical Evaluation activities and other technical operations supporting the NGA TSCM program, TSSC modernization goals, and Office of Counterintelligence Technical CI Division. Maintain familiarization with all governing …",,"Amentum is seeking a TSCM Practitioner III to support the National Geospatial-Intelligence Agency (NGA), Office of Counterintelligence (SIC) in Washington, DC and St. Louis, MO. TSCM Practitioner III conducts TSCM, Foreign Visit, Gift Inspection, Digital Counterexploitation, Technical Evaluation activities and other technical operations supporting the NGA TSCM program, TSSC modernization goals, and Office of Counterintelligence Technical CI Division. Maintain familiarization with all governing …",amentum seeking tscm practitioner iii support national geospatial intelligence agency nga office counterintelligence sic washington dc st louis mo tscm practitioner iii conduct tscm foreign visit gift inspection digital counterexploitation technical evaluation activity technical operation supporting nga tscm program tssc modernization goal office counterintelligence technical ci division maintain familiarization governing,tscm practitioner level iii,
Patent Prosecution Associate Attorney - St. Louis,Direct Counsel,"Saint Louis, Saint Louis County",Engineering Jobs,1,"Job Description Job Description Direct Counsel is representing an Am Law 100 firm seeking a Mid-Level Associate to join its Electrical Engineering and Computer Science Patent Prosecution Practice Group. This position offers flexibility across firm locations, with strong preference for candidates based in Atlanta, Denver, Houston, St. Louis, Kansas City, Los Angeles, or San Francisco. Position Overview This is a premier opportunity for a technically driven patent prosecution attorney with a back…",,"Job Description Job Description Direct Counsel is representing an Am Law 100 firm seeking a Mid-Level Associate to join its Electrical Engineering and Computer Science Patent Prosecution Practice Group. This position offers flexibility across firm locations, with strong preference for candidates based in Atlanta, Denver, Houston, St. Louis, Kansas City, Los Angeles, or San Francisco. Position Overview This is a premier opportunity for a technically driven patent prosecution attorney with a back…",job description job description direct counsel representing law 100 firm seeking mid level associate join electrical engineering computer science patent prosecution practice group position offer flexibility across firm location strong preference candidate based atlanta denver houston st louis kansa city los angeles san francisco position overview premier opportunity technically driven patent prosecution attorney back,patent prosecution associate attorney st louis,
"Design, Analysis and Test Engineer",Boeing,"Saint Louis, Saint Louis County",Engineering Jobs,1,"Job Description At Boeing, we innovate and collaborate to make the world a better place. We're committed to fostering an environment for every teammate that's welcoming, respectful and inclusive, with great opportunity for professional growth. Find your future with us. The Boeing Company has an exciting opportunity for an Electronic Systems Design, Analysis, and Test Engineer for current and emerging programs across the St. Louis region, including Berkeley, MO, Hazelwood, MO, St. Charles, MO, a…",,"Job Description At Boeing, we innovate and collaborate to make the world a better place. We're committed to fostering an environment for every teammate that's welcoming, respectful and inclusive, with great opportunity for professional growth. Find your future with us. The Boeing Company has an exciting opportunity for an Electronic Systems Design, Analysis, and Test Engineer for current and emerging programs across the St. Louis region, including Berkeley, MO, Hazelwood, MO, St. Charles, MO, a…",job description boeing innovate collaborate make world better place committed fostering environment every teammate welcoming respectful inclusive great opportunity professional growth find future u boeing company exciting opportunity electronic system design analysis test engineer current emerging program across st louis region including berkeley mo hazelwood mo st charles mo,design analysis test engineer,
"Urgent Search: Design, Analysis and Test Engineer",Boeing,"Saint Louis, Saint Louis County",Engineering Jobs,1,"Job Description At Boeing, we innovate and collaborate to make the world a better place. We're committed to fostering an environment for every teammate that's welcoming, respectful and inclusive, with great opportunity for professional growth. Find your future with us. The Boeing Company has an exciting opportunity for an Electronic Systems Design, Analysis, and Test Engineer for current and emerging programs across the St. Louis region, including Berkeley, MO, Hazelwood, MO, St. Charles, MO, a…",,"Job Description At Boeing, we innovate and collaborate to make the world a better place. We're committed to fostering an environment for every teammate that's welcoming, respectful and inclusive, with great opportunity for professional growth. Find your future with us. The Boeing Company has an exciting opportunity for an Electronic Systems Design, Analysis, and Test Engineer for current and emerging programs across the St. Louis region, including Berkeley, MO, Hazelwood, MO, St. Charles, MO, a…",job description boeing innovate collaborate make world better place committed fostering environment every teammate welcoming respectful inclusive great opportunity professional growth find future u boeing company exciting opportunity electronic system design analysis test engineer current emerging program across st louis region including berkeley mo hazelwood mo st charles mo,urgent search design analysis test engineer,
Machine Learning Engineer with Security Clearance,SecureVision,"Sauget, Saint Clair County",IT Jobs,1,HOW A MACHINE LEARNING ENGINEER WILL MAKE AN IMPACT Own your opportunity to serve as a critical component of our nation's safety and security. Make an impact by using your expertise to protect our country from threats. Job Description Rapidly prototype containerized multimodal deep learning solutions and associated data pipelines to enable GeoAI capabilities for improving analytic workflows and addressing key intelligence questions. You will be at the cutting edge of implementing State-of-the-A…,,HOW A MACHINE LEARNING ENGINEER WILL MAKE AN IMPACT Own your opportunity to serve as a critical component of our nation's safety and security. Make an impact by using your expertise to protect our country from threats. Job Description Rapidly prototype containerized multimodal deep learning solutions and associated data pipelines to enable GeoAI capabilities for improving analytic workflows and addressing key intelligence questions. You will be at the cutting edge of implementing State-of-the-A…,machine learning engineer make impact opportunity serve critical component nation safety security make impact using expertise protect country threat job description rapidly prototype containerized multimodal deep learning solution associated data pipeline enable geoai capability improving analytic workflow addressing key intelligence question cutting edge implementing state,machine learning engineer security clearance,
Sr. Ground Systems Hardware Architect 5 with Security Clearance,Beacon Hill,"Saint Louis, Saint Louis County",Engineering Jobs,1,"Position Overview: We are seeking a highly experienced Senior Ground Systems Hardware Engineer to lead the Ground Segment Hardware Architecture and Design, ensuring that performance, interfaces, and both functional and non-functional requirements are fully met. The selected candidate will play a critical role in developing engineering solutions and practices for key Ground System capabilities, including: Edge Compute Command and Control Network and Communication Systems Mission Planning Situati…",,"Position Overview: We are seeking a highly experienced Senior Ground Systems Hardware Engineer to lead the Ground Segment Hardware Architecture and Design, ensuring that performance, interfaces, and both functional and non-functional requirements are fully met. The selected candidate will play a critical role in developing engineering solutions and practices for key Ground System capabilities, including: Edge Compute Command and Control Network and Communication Systems Mission Planning Situati…",position overview seeking highly experienced senior ground system hardware engineer lead ground segment hardware architecture design ensuring performance interface functional non functional requirement fully met selected candidate play critical role developing engineering solution practice key ground system capability including edge compute command control network communication system mission planning situati,sr ground system hardware architect 5 security clearance,
Junior Engineer,Evtron,"Saint Louis, Saint Louis County",IT Jobs,1,"There are six engineering positions available. All positions are entry-level. Those who have experience related to a position but are of a different major are still encouraged to apply.  COMPUTER ENGINEERING (I) Expander board design [Musts] C Unix, Linux Embedded systems knowledge  ELECTRICAL ENGINEERING (I) Firmware & Circuit Design [Musts] High speed digital knowledge  COMPUTER SCIENCE (I) Let’s build a custom enterprise resource planning (ERP) system. [Musts] Python  COMPUTER SCIENCE (II) N…",,"There are six engineering positions available. All positions are entry-level. Those who have experience related to a position but are of a different major are still encouraged to apply.  COMPUTER ENGINEERING (I) Expander board design [Musts] C Unix, Linux Embedded systems knowledge  ELECTRICAL ENGINEERING (I) Firmware & Circuit Design [Musts] High speed digital knowledge  COMPUTER SCIENCE (I) Let’s build a custom enterprise resource planning (ERP) system. [Musts] Python  COMPUTER SCIENCE (II) N…",six engineering position available position entry level experience related position different major still encouraged apply computer engineering expander board design must c unix linux embedded system knowledge electrical engineering firmware circuit design must high speed digital knowledge computer science let build custom enterprise resource planning erp system must python computer science ii n,junior engineer,
.Net - Angular/C# Developer (Senior and Mid-Level),The Timberline Group,"Saint Louis, Saint Louis County",IT Jobs,1,"O ur .NET Developers work with a team of talented individuals who share a strong passion for their work. The primary role of this experienced individual will be to develop software solutions through the conception, development, testing and implementation phases. This full-time position will challenge you to find creative ways to solve problems, explore new technologies, and everyone is expected to contribute at every level of the development process regardless of their position. What are we loo…",,"O ur .NET Developers work with a team of talented individuals who share a strong passion for their work. The primary role of this experienced individual will be to develop software solutions through the conception, development, testing and implementation phases. This full-time position will challenge you to find creative ways to solve problems, explore new technologies, and everyone is expected to contribute at every level of the development process regardless of their position. What are we loo…",ur net developer work team talented individual share strong passion work primary role experienced individual develop software solution conception development testing implementation phase full time position challenge find creative way solve problem explore new technology everyone expected contribute every level development process regardless position loo,net angular c developer senior mid level,
Senior Software Developer,The Timberline Group,"Saint Louis, Saint Louis County",IT Jobs,1,Senior Software Developer(s) to design custom software solutions based on client requirements. This position will have a lead role in the development and enhancements of a large data management system. This will be an ongoing effort to replace and support the data management system as needs change by utilizing written Visual Basic with Java services and an Angular user interface. Individuals will apply advanced theoretical knowledge of computer science principles and concepts to perform the dut…,,Senior Software Developer(s) to design custom software solutions based on client requirements. This position will have a lead role in the development and enhancements of a large data management system. This will be an ongoing effort to replace and support the data management system as needs change by utilizing written Visual Basic with Java services and an Angular user interface. Individuals will apply advanced theoretical knowledge of computer science principles and concepts to perform the dut…,senior software developer design custom software solution based client requirement position lead role development enhancement large data management system ongoing effort replace support data management system need change utilizing written visual basic java service angular user interface individual apply advanced theoretical knowledge computer science principle concept perform dut,senior software developer,
Delivery Engineer (Secret) with Security Clearance,Figure Eight Federal LLC,"Saint Louis, Saint Louis County",IT Jobs,1,"Figure Eight Federal (F8F): Leading the Future of AI Training Data Figure Eight Federal (F8F) provides accurate and reliable human annotated datasets that fuel AI and machine learning for some of the world's biggest brands. With more than 25 years of industry knowledge, F8F's technology powers many of the AI interactions we experience every day. Our solutions and expertise empower our clients to achieve their AI goals and make a significant impact in their industry. As the Delivery Engineer, yo…",,"Figure Eight Federal (F8F): Leading the Future of AI Training Data Figure Eight Federal (F8F) provides accurate and reliable human annotated datasets that fuel AI and machine learning for some of the world's biggest brands. With more than 25 years of industry knowledge, F8F's technology powers many of the AI interactions we experience every day. Our solutions and expertise empower our clients to achieve their AI goals and make a significant impact in their industry. As the Delivery Engineer, yo…",figure eight federal f8f leading future ai training data figure eight federal f8f provides accurate reliable human annotated datasets fuel ai machine learning world biggest brand 25 year industry knowledge f8f technology power many ai interaction experience every day solution expertise empower client achieve ai goal make significant impact industry delivery engineer yo,delivery engineer secret security clearance,
Program Management Support – Lifecycle Acquisition with Security Clearance,Red Gate Group,"Saint Louis, Saint Louis County",IT Jobs,1,"The Red Gate Group is seeking a Program Management Support – Lifecycle Acquisition Specialist to support the National Geospatial-Intelligence Agency (NGA) in St. Louis, MO. In this role, you’ll play a critical part in advancing NGA’s mission by providing expert guidance and hands-on program management across the full acquisition lifecycle. From developing acquisition strategies and managing complex procurements to supporting testing, risk management, and stakeholder engagement, you’ll serve as …",,"The Red Gate Group is seeking a Program Management Support – Lifecycle Acquisition Specialist to support the National Geospatial-Intelligence Agency (NGA) in St. Louis, MO. In this role, you’ll play a critical part in advancing NGA’s mission by providing expert guidance and hands-on program management across the full acquisition lifecycle. From developing acquisition strategies and managing complex procurements to supporting testing, risk management, and stakeholder engagement, you’ll serve as …",red gate group seeking program management support lifecycle acquisition specialist support national geospatial intelligence agency nga st louis mo role play critical part advancing nga mission providing expert guidance hand program management across full acquisition lifecycle developing acquisition strategy managing complex procurement supporting testing risk management stakeholder engagement serve,program management support lifecycle acquisition security clearance,
Principal Software Engineer with Security Clearance,Momentum,"Saint Louis, Saint Louis County",IT Jobs,1,"Welcome to the MOMENTUM. Team! MOMENTUM. is not just our company name; it is the highest value we deliver to our customers. We are a rapidly growing technology solutions company delivering innovative technology, engineering, and intelligence solutions across the DoD sector. The efforts of our high-capacity team ultimately strengthen our Nation and the warfighter. Our team is dispersed throughout the US, which means we value the diversity and unique collaboration fostered throughout our team. We…",,"Welcome to the MOMENTUM. Team! MOMENTUM. is not just our company name; it is the highest value we deliver to our customers. We are a rapidly growing technology solutions company delivering innovative technology, engineering, and intelligence solutions across the DoD sector. The efforts of our high-capacity team ultimately strengthen our Nation and the warfighter. Our team is dispersed throughout the US, which means we value the diversity and unique collaboration fostered throughout our team. We…",welcome momentum team momentum company name highest value deliver customer rapidly growing technology solution company delivering innovative technology engineering intelligence solution across dod sector effort high capacity team ultimately strengthen nation warfighter team dispersed throughout u mean value diversity unique collaboration fostered throughout team,principal software engineer security clearance,
Senior Software Engineer with Security Clearance,Momentum,"Saint Louis, Saint Louis County",IT Jobs,1,"Welcome to the MOMENTUM. Team! MOMENTUM. is not just our company name; it is the highest value we deliver to our customers. We are a rapidly growing technology solutions company delivering innovative technology, engineering, and intelligence solutions across the DoD sector. The efforts of our high-capacity team ultimately strengthen our Nation and the warfighter. Our team is dispersed throughout the US, which means we value the diversity and unique collaboration fostered throughout our team. We…",,"Welcome to the MOMENTUM. Team! MOMENTUM. is not just our company name; it is the highest value we deliver to our customers. We are a rapidly growing technology solutions company delivering innovative technology, engineering, and intelligence solutions across the DoD sector. The efforts of our high-capacity team ultimately strengthen our Nation and the warfighter. Our team is dispersed throughout the US, which means we value the diversity and unique collaboration fostered throughout our team. We…",welcome momentum team momentum company name highest value deliver customer rapidly growing technology solution company delivering innovative technology engineering intelligence solution across dod sector effort high capacity team ultimately strengthen nation warfighter team dispersed throughout u mean value diversity unique collaboration fostered throughout team,senior software engineer security clearance,
Advanced AI Platform Product Manager,Accenture,"Wellston, Saint Louis County",Engineering Jobs,1,"We Are:? The beginning of a new Data & AI decade that will reshape work and society has begun. Accenture is stepping boldly into this future with a clear strategy and purpose: to help clients optimize and reinvent their business with data & AI. With over 45,000 professionals dedicated to Data & AI, Accenture's Data & AI organization brings together our Experienced Innovation, Strategic Investment, Exceptional Talent, and Power Ecosystem.? You Are:? The product manager role is essential in guidi…",,"We Are:? The beginning of a new Data & AI decade that will reshape work and society has begun. Accenture is stepping boldly into this future with a clear strategy and purpose: to help clients optimize and reinvent their business with data & AI. With over 45,000 professionals dedicated to Data & AI, Accenture's Data & AI organization brings together our Experienced Innovation, Strategic Investment, Exceptional Talent, and Power Ecosystem.? You Are:? The product manager role is essential in guidi…",beginning new data ai decade reshape work society begun accenture stepping boldly future clear strategy purpose help client optimize reinvent business data ai 45 000 professional dedicated data ai accenture data ai organization brings together experienced innovation strategic investment exceptional talent power ecosystem product manager role essential guidi,advanced ai platform product manager,
Experienced Low Observables Design and Integration Engineer (Urgent Search),Boeing,"Saint Louis, Saint Louis County",Engineering Jobs,1,"Job Description At Boeing, we innovate and collaborate to make the world a better place. We're committed to fostering an environment for every teammate that's welcoming, respectful and inclusive, with great opportunity for professional growth. Find your future with us. The Boeing Defense, Space & Security (BDS) - Phantom Works organization is seeking a highly skilled and motivated Experienced Low Observables Design & Integration Engineer to join our team in St. Louis, Missouri. The ideal candid…",,"Job Description At Boeing, we innovate and collaborate to make the world a better place. We're committed to fostering an environment for every teammate that's welcoming, respectful and inclusive, with great opportunity for professional growth. Find your future with us. The Boeing Defense, Space & Security (BDS) - Phantom Works organization is seeking a highly skilled and motivated Experienced Low Observables Design & Integration Engineer to join our team in St. Louis, Missouri. The ideal candid…",job description boeing innovate collaborate make world better place committed fostering environment every teammate welcoming respectful inclusive great opportunity professional growth find future u boeing defense space security bd phantom work organization seeking highly skilled motivated experienced low observables design integration engineer join team st louis missouri ideal candid,experienced low observables design integration engineer urgent search,
▷ (10/14/2025) Experienced Low Observables Design and Integration Engineer,Boeing,"Saint Louis, Saint Louis County",Engineering Jobs,1,"Job Description At Boeing, we innovate and collaborate to make the world a better place. We're committed to fostering an environment for every teammate that's welcoming, respectful and inclusive, with great opportunity for professional growth. Find your future with us. The Boeing Defense, Space & Security (BDS) - Phantom Works organization is seeking a highly skilled and motivated Experienced Low Observables Design & Integration Engineer to join our team in St. Louis, Missouri. The ideal candid…",,"Job Description At Boeing, we innovate and collaborate to make the world a better place. We're committed to fostering an environment for every teammate that's welcoming, respectful and inclusive, with great opportunity for professional growth. Find your future with us. The Boeing Defense, Space & Security (BDS) - Phantom Works organization is seeking a highly skilled and motivated Experienced Low Observables Design & Integration Engineer to join our team in St. Louis, Missouri. The ideal candid…",job description boeing innovate collaborate make world better place committed fostering environment every teammate welcoming respectful inclusive great opportunity professional growth find future u boeing defense space security bd phantom work organization seeking highly skilled motivated experienced low observables design integration engineer join team st louis missouri ideal candid,10 14 2025 experienced low observables design integration engineer,
Support Engineer,Insight Global,"Wellston, Saint Louis County",IT Jobs,1,"Job Description Insight Global is seeking a Support Engineer to sit in St. Louis, MO for one of their clients. The Support Engineer provides front-line technical support to ensure smooth computer operations for end users. Each day begins with reviewing and responding to incoming help requests. The engineer troubleshoots hardware and software issues using remote tools or in-person support when needed. They document all support interactions and escalate complex issues to the appropriate technicia…",,"Job Description Insight Global is seeking a Support Engineer to sit in St. Louis, MO for one of their clients. The Support Engineer provides front-line technical support to ensure smooth computer operations for end users. Each day begins with reviewing and responding to incoming help requests. The engineer troubleshoots hardware and software issues using remote tools or in-person support when needed. They document all support interactions and escalate complex issues to the appropriate technicia…",job description insight global seeking support engineer sit st louis mo one client support engineer provides front line technical support ensure smooth computer operation end user day begin reviewing responding incoming help request engineer troubleshoots hardware software issue using remote tool person support needed document support interaction escalate complex issue appropriate technicia,support engineer,
C# .NET Developer - Mid to Senior/Level,The Timberline Group,"Saint Louis, Saint Louis County",IT Jobs,1,".NET Developers work with a team of talented individuals who share a strong passion for their work. The primary role of this experienced individual will be to develop software solutions through the conception, development, testing and implementation phases. This full-time position will challenge you to find creative ways to solve problems, explore new technologies, and everyone is expected to contribute at every level of the development process regardless of their position. What are we looking …",,".NET Developers work with a team of talented individuals who share a strong passion for their work. The primary role of this experienced individual will be to develop software solutions through the conception, development, testing and implementation phases. This full-time position will challenge you to find creative ways to solve problems, explore new technologies, and everyone is expected to contribute at every level of the development process regardless of their position. What are we looking …",net developer work team talented individual share strong passion work primary role experienced individual develop software solution conception development testing implementation phase full time position challenge find creative way solve problem explore new technology everyone expected contribute every level development process regardless position looking,c net developer mid senior level,
Advanced AI Software Engineer Associate Director,Accenture,"Wellston, Saint Louis County",Engineering Jobs,1,"We Are: The beginning of a new Data & AI decade that will reshape work and society has begun. Accenture is stepping boldly into this future with a clear strategy and purpose: to help clients optimize and reinvent their business with data & AI. With over 45,000 professionals dedicated to Data & AI, Accenture's Data & AI organization brings together our Experienced Innovation, Strategic Investment, Exceptional Talent, and Power Ecosystem. You Are : As a Senior Advance AI Software Engineer, you wi…",,"We Are: The beginning of a new Data & AI decade that will reshape work and society has begun. Accenture is stepping boldly into this future with a clear strategy and purpose: to help clients optimize and reinvent their business with data & AI. With over 45,000 professionals dedicated to Data & AI, Accenture's Data & AI organization brings together our Experienced Innovation, Strategic Investment, Exceptional Talent, and Power Ecosystem. You Are : As a Senior Advance AI Software Engineer, you wi…",beginning new data ai decade reshape work society begun accenture stepping boldly future clear strategy purpose help client optimize reinvent business data ai 45 000 professional dedicated data ai accenture data ai organization brings together experienced innovation strategic investment exceptional talent power ecosystem senior advance ai software engineer wi,advanced ai software engineer associate director,
Senior Advanced AI Software Engineer,Accenture,"Wellston, Saint Louis County",Engineering Jobs,1,"We Are: The beginning of a new Data & AI decade that will reshape work and society has begun. Accenture is stepping boldly into this future with a clear strategy and purpose: to help clients optimize and reinvent their business with data & AI. With over 45,000 professionals dedicated to Data & AI, Accenture's Data & AI organization brings together our Experienced Innovation, Strategic Investment, Exceptional Talent, and Power Ecosystem. Join our AI Talent Community (http://accenture.wd103.mywor…",,"We Are: The beginning of a new Data & AI decade that will reshape work and society has begun. Accenture is stepping boldly into this future with a clear strategy and purpose: to help clients optimize and reinvent their business with data & AI. With over 45,000 professionals dedicated to Data & AI, Accenture's Data & AI organization brings together our Experienced Innovation, Strategic Investment, Exceptional Talent, and Power Ecosystem. Join our AI Talent Community (",beginning new data ai decade reshape work society begun accenture stepping boldly future clear strategy purpose help client optimize reinvent business data ai 45 000 professional dedicated data ai accenture data ai organization brings together experienced innovation strategic investment exceptional talent power ecosystem join ai talent community,senior advanced ai software engineer,
Advanced AI Software Engineer,Accenture,"Wellston, Saint Louis County",Engineering Jobs,1,"We Are: The beginning of a new Data & AI decade that will reshape work and society has begun. Accenture is stepping boldly into this future with a clear strategy and purpose: to help clients optimize and reinvent their business with data & AI. With over 45,000 professionals dedicated to Data & AI, Accenture's Data & AI organization brings together our Experienced Innovation, Strategic Investment, Exceptional Talent, and Power Ecosystem. Join our AI Talent Community (http://accenture.wd103.mywor…",,"We Are: The beginning of a new Data & AI decade that will reshape work and society has begun. Accenture is stepping boldly into this future with a clear strategy and purpose: to help clients optimize and reinvent their business with data & AI. With over 45,000 professionals dedicated to Data & AI, Accenture's Data & AI organization brings together our Experienced Innovation, Strategic Investment, Exceptional Talent, and Power Ecosystem. Join our AI Talent Community (",beginning new data ai decade reshape work society begun accenture stepping boldly future clear strategy purpose help client optimize reinvent business data ai 45 000 professional dedicated data ai accenture data ai organization brings together experienced innovation strategic investment exceptional talent power ecosystem join ai talent community,advanced ai software engineer,
DevSecOps Engineers with Security Clearance,Momentum,"Saint Louis, Saint Louis County",IT Jobs,1,"Welcome to the MOMENTUM. Team! MOMENTUM. is not just our company name; it is the highest value we deliver to our customers. We are a rapidly growing technology solutions company delivering innovative technology, engineering, and intelligence solutions across the DoD sector. The efforts of our high-capacity team ultimately strengthen our Nation and the warfighter. Our team is dispersed throughout the US, which means we value the diversity and unique collaboration fostered throughout our team. We…",,"Welcome to the MOMENTUM. Team! MOMENTUM. is not just our company name; it is the highest value we deliver to our customers. We are a rapidly growing technology solutions company delivering innovative technology, engineering, and intelligence solutions across the DoD sector. The efforts of our high-capacity team ultimately strengthen our Nation and the warfighter. Our team is dispersed throughout the US, which means we value the diversity and unique collaboration fostered throughout our team. We…",welcome momentum team momentum company name highest value deliver customer rapidly growing technology solution company delivering innovative technology engineering intelligence solution across dod sector effort high capacity team ultimately strengthen nation warfighter team dispersed throughout u mean value diversity unique collaboration fostered throughout team,devsecops engineer security clearance,
▷ High Salary! Experienced Low Observables Mission Systems Integration Engineer,Boeing,"Saint Louis, Saint Louis County",Engineering Jobs,1,"Job Description At Boeing, we innovate and collaborate to make the world a better place. We're committed to fostering an environment for every teammate that's welcoming, respectful and inclusive, with great opportunity for professional growth. Find your future with us. The Boeing Defense, Space & Security (BDS) - Phantom Works organization is seeking a highly skilled and experienced Low Observables Mission Systems Integration Engineer to support an integrated product team in the design and inte…",,"Job Description At Boeing, we innovate and collaborate to make the world a better place. We're committed to fostering an environment for every teammate that's welcoming, respectful and inclusive, with great opportunity for professional growth. Find your future with us. The Boeing Defense, Space & Security (BDS) - Phantom Works organization is seeking a highly skilled and experienced Low Observables Mission Systems Integration Engineer to support an integrated product team in the design and inte…",job description boeing innovate collaborate make world better place committed fostering environment every teammate welcoming respectful inclusive great opportunity professional growth find future u boeing defense space security bd phantom work organization seeking highly skilled experienced low observables mission system integration engineer support integrated product team design inte,high salary experienced low observables mission system integration engineer,
Experienced Low Observables Mission Systems Integration Engineer,Boeing,"Saint Louis, Saint Louis County",Engineering Jobs,1,"Job Description At Boeing, we innovate and collaborate to make the world a better place. We're committed to fostering an environment for every teammate that's welcoming, respectful and inclusive, with great opportunity for professional growth. Find your future with us. The Boeing Defense, Space & Security (BDS) - Phantom Works organization is seeking a highly skilled and experienced Low Observables Mission Systems Integration Engineer to support an integrated product team in the design and inte…",,"Job Description At Boeing, we innovate and collaborate to make the world a better place. We're committed to fostering an environment for every teammate that's welcoming, respectful and inclusive, with great opportunity for professional growth. Find your future with us. The Boeing Defense, Space & Security (BDS) - Phantom Works organization is seeking a highly skilled and experienced Low Observables Mission Systems Integration Engineer to support an integrated product team in the design and inte…",job description boeing innovate collaborate make world better place committed fostering environment every teammate welcoming respectful inclusive great opportunity professional growth find future u boeing defense space security bd phantom work organization seeking highly skilled experienced low observables mission system integration engineer support integrated product team design inte,experienced low observables mission system integration engineer,
Urgent Search! Low Observables Mission Systems Integration Lead,Boeing,"Saint Louis, Saint Louis County",Engineering Jobs,1,"Job Description At Boeing, we innovate and collaborate to make the world a better place. We're committed to fostering an environment for every teammate that's welcoming, respectful and inclusive, with great opportunity for professional growth. Find your future with us. The Boeing Defense, Space & Security (BDS) - Phantom Works organization is seeking a highly skilled and experienced Senior Low Observables Mission Systems Integration Engineer to lead a team of engineers in support of the design …",,"Job Description At Boeing, we innovate and collaborate to make the world a better place. We're committed to fostering an environment for every teammate that's welcoming, respectful and inclusive, with great opportunity for professional growth. Find your future with us. The Boeing Defense, Space & Security (BDS) - Phantom Works organization is seeking a highly skilled and experienced Senior Low Observables Mission Systems Integration Engineer to lead a team of engineers in support of the design …",job description boeing innovate collaborate make world better place committed fostering environment every teammate welcoming respectful inclusive great opportunity professional growth find future u boeing defense space security bd phantom work organization seeking highly skilled experienced senior low observables mission system integration engineer lead team engineer support design,urgent search low observables mission system integration lead,
▷ Urgent: Low Observables Mission Systems Integration Lead,Boeing,"Saint Louis, Saint Louis County",Engineering Jobs,1,"Job Description At Boeing, we innovate and collaborate to make the world a better place. We're committed to fostering an environment for every teammate that's welcoming, respectful and inclusive, with great opportunity for professional growth. Find your future with us. The Boeing Defense, Space & Security (BDS) - Phantom Works organization is seeking a highly skilled and experienced Senior Low Observables Mission Systems Integration Engineer to lead a team of engineers in support of the design …",,"Job Description At Boeing, we innovate and collaborate to make the world a better place. We're committed to fostering an environment for every teammate that's welcoming, respectful and inclusive, with great opportunity for professional growth. Find your future with us. The Boeing Defense, Space & Security (BDS) - Phantom Works organization is seeking a highly skilled and experienced Senior Low Observables Mission Systems Integration Engineer to lead a team of engineers in support of the design …",job description boeing innovate collaborate make world better place committed fostering environment every teammate welcoming respectful inclusive great opportunity professional growth find future u boeing defense space security bd phantom work organization seeking highly skilled experienced senior low observables mission system integration engineer lead team engineer support design,urgent low observables mission system integration lead,
▷ Apply Now: F/A-18 IDIQ Chief Integrator,Boeing,"Saint Louis, Saint Louis County",Engineering Jobs,1,"Job Description At Boeing, we innovate and collaborate to make the world a better place. We're committed to fostering an environment for every teammate that's welcoming, respectful and inclusive, with great opportunity for professional growth. Find your future with us. The Boeing Defense, Space & Security (BDS) F/A-18 team is seeking a IDIQ Chief Integrator in St. Louis, MO . The F/A-18 IDIQ Chief Integrator is responsible for ensuring the capabilities and initiatives developed for the F/A-18 a…",,"Job Description At Boeing, we innovate and collaborate to make the world a better place. We're committed to fostering an environment for every teammate that's welcoming, respectful and inclusive, with great opportunity for professional growth. Find your future with us. The Boeing Defense, Space & Security (BDS) F/A-18 team is seeking a IDIQ Chief Integrator in St. Louis, MO . The F/A-18 IDIQ Chief Integrator is responsible for ensuring the capabilities and initiatives developed for the F/A-18 a…",job description boeing innovate collaborate make world better place committed fostering environment every teammate welcoming respectful inclusive great opportunity professional growth find future u boeing defense space security bd f 18 team seeking idiq chief integrator st louis mo f 18 idiq chief integrator responsible ensuring capability initiative developed f 18,apply f 18 idiq chief integrator,
Senior Hadoop Developer,The Timberline Group,"Saint Louis, Saint Louis County",IT Jobs,1,"Senior Hadoop Developer to develop, create, and modify general computer applications software or specialized utility programs. Job responsibilities and duties include: Implement data analytics processing algorithms on Big Data batch and stream processing frameworks (e.g. Hadoop MapReduce, Python, Spark, Scala, Kafka etc.). Perform data acquisition, preparation, and perform analysis leveraging a variety of data programming techniques in Spark using Scala. Work on complex issues where analysis of…",,"Senior Hadoop Developer to develop, create, and modify general computer applications software or specialized utility programs. Job responsibilities and duties include: Implement data analytics processing algorithms on Big Data batch and stream processing frameworks (e.g. Hadoop MapReduce, Python, Spark, Scala, Kafka etc.). Perform data acquisition, preparation, and perform analysis leveraging a variety of data programming techniques in Spark using Scala. Work on complex issues where analysis of…",senior hadoop developer develop create modify general computer application software specialized utility program job responsibility duty include implement data analytics processing algorithm big data batch stream processing framework e g hadoop mapreduce python spark scala kafka etc perform data acquisition preparation perform analysis leveraging variety data programming technique spark using scala work complex issue analysis,senior hadoop developer,
Sr. Java Backend Developer(f2f interview),Axiom Software Solutions Limited,"Saint Louis, Saint Louis County",IT Jobs,1,"Role: Sr. Java Backend Developer(f2f interview) Location: St. Louis MO - Onsite Position Type: Contract An in-person (face to face) interview will be required at office in St. Louis, MO. Job Description: • Bachelor’s degree in computer science, Information Technology • Minimum of 7 years of experience in developing backend application • Roles And Responsibilities: • Developing high quality, scalable solutions • Working collaboratively with product owners, business analysts, quality assurance an…",,"Role: Sr. Java Backend Developer(f2f interview) Location: St. Louis MO - Onsite Position Type: Contract An in-person (face to face) interview will be required at office in St. Louis, MO. Job Description: • Bachelor’s degree in computer science, Information Technology • Minimum of 7 years of experience in developing backend application • Roles And Responsibilities: • Developing high quality, scalable solutions • Working collaboratively with product owners, business analysts, quality assurance an…",role sr java backend developer f2f interview location st louis mo onsite position type contract person face face interview required office st louis mo job description bachelor degree computer science information technology minimum 7 year experience developing backend application role responsibility developing high quality scalable solution working collaboratively product owner business analyst quality assurance,sr java backend developer f2f interview,
Electronic Warfare Lead Engineer (Level 5),The Boeing Company,"Wellston, Saint Louis County",Engineering Jobs,1,"Job Description At Boeing, we innovate and collaborate to make the world a better place. We're committed to fostering an environment for every teammate that's welcoming, respectful and inclusive, with great opportunity for professional growth. Find your future with us. The Boeing Company is seeking an experienced Lead Electronic Warfare Integrator to serve as the engineering lead for the Electronic Warfare team in located in Berkely, MO. As the EW lead for a major proprietary program, you will …",,"Job Description At Boeing, we innovate and collaborate to make the world a better place. We're committed to fostering an environment for every teammate that's welcoming, respectful and inclusive, with great opportunity for professional growth. Find your future with us. The Boeing Company is seeking an experienced Lead Electronic Warfare Integrator to serve as the engineering lead for the Electronic Warfare team in located in Berkely, MO. As the EW lead for a major proprietary program, you will …",job description boeing innovate collaborate make world better place committed fostering environment every teammate welcoming respectful inclusive great opportunity professional growth find future u boeing company seeking experienced lead electronic warfare integrator serve engineering lead electronic warfare team located berkely mo ew lead major proprietary program,electronic warfare lead engineer level 5,
Jira and Confluence Administrator,The Timberline Group,"Saint Louis, Saint Louis County",IT Jobs,1,"The Engineer job family is responsible for maintaining a deep, technical knowledge and thorough understanding of solution design, constraints and operational approaches. The Engineer job family develops collaborative partnerships with stakeholders to build and implement technology solutions, as well as actively anticipate and solve problems during and after delivery. Qualifications: Required: * Must be authorized to work in the U.S. without sponsorship now or in the future * Must incorporate se…",Qualifications: Required: * Must be authorized to work in the U.S. without sponsorship now or in the future * Must incorporate se…,"The Engineer job family is responsible for maintaining a deep, technical knowledge and thorough understanding of solution design, constraints and operational approaches. The Engineer job family develops collaborative partnerships with stakeholders to build and implement technology solutions, as well as actively anticipate and solve problems during and after delivery. Qualifications: Required: * Must be authorized to work in the U.S. without sponsorship now or in the future * Must incorporate se… Qualifications: Required: * Must be authorized to work in the U.S. without sponsorship now or in the future * Must incorporate se…",engineer job family responsible maintaining deep technical knowledge thorough understanding solution design constraint operational approach engineer job family develops collaborative partnership stakeholder build implement technology solution well actively anticipate solve problem delivery qualification required must authorized work u without sponsorship future must incorporate se qualification required must authorized work u without sponsorship future must incorporate se,jira confluence administrator,qualification required must authorized work u without sponsorship future must incorporate se
RISA20250818-OP026 - CSE III - Endpoint Security Services with Security Clearance,"Vector Check Business Solutions, LLC","Sauget, Saint Clair County",IT Jobs,1,"Endpoint Security Engineer III Job Category: Engineering Time Type: Full time Minimum Clearance Required to Start: TS/SCI Employee Type: Regular Percentage of Travel Required: Up to 10% Type of Travel: Local The Opportunity: RISAI has an exciting opportunity for a Senior Endpoint Security Engineer to join our Transport & Cybersecurity Services (TCS) team in either Springfield, VA or St. Louis, MO. Our Endpoint Security team is rapidly growing! This is one of several New positions that we have a…",,"Endpoint Security Engineer III Job Category: Engineering Time Type: Full time Minimum Clearance Required to Start: TS/SCI Employee Type: Regular Percentage of Travel Required: Up to 10% Type of Travel: Local The Opportunity: RISAI has an exciting opportunity for a Senior Endpoint Security Engineer to join our Transport & Cybersecurity Services (TCS) team in either Springfield, VA or St. Louis, MO. Our Endpoint Security team is rapidly growing! This is one of several New positions that we have a…",endpoint security engineer iii job category engineering time type full time minimum clearance required start t sci employee type regular percentage travel required 10 type travel local opportunity risai exciting opportunity senior endpoint security engineer join transport cybersecurity service tc team either springfield va st louis mo endpoint security team rapidly growing one several new position,risa20250818 op026 cse iii endpoint security service security clearance,
