Title,Company,Location,Category,ContractTime,Created,SalaryMin,SalaryMax,RedirectURL,FullDescription,Requirements,job_text_clean
Computer Science Teacher,GATEWAY SCIENCE ACADEMY OF SAINT LOUIS,"Saint Louis, Saint Louis County",IT Jobs,full_time,2025-10-03T17:01:13Z,62828.16,62828.16,https://www.adzuna.com/details/5430186506?utm_medium=api&utm_source=183d4472,"Bachelor's degree in computer education, computer science and technology, or computer engineering, and 24 months of full-time experience in the job or as an ICT teacher are required. M-F, 40 hrs./wk. Mail resumes to Mustafa Icel, Gateway Science Academy of St Louis, 5049 Fyler Avenue, St. Louis, MO 63139.",,bachelor degree computer education computer science technology computer engineering 24 month full time experience job ict teacher required f 40 hr wk mail resume mustafa icel gateway science academy st louis 5049 fyler avenue st louis mo 63139
Computer Science Patent Junior Attorney (Hybrid),Avant Tech,"Saint Louis, Saint Louis County",IT Jobs,full_time,2025-10-14T12:00:25Z,240000.0,365000.0,https://www.adzuna.com/details/5447295950?utm_medium=api&utm_source=183d4472,"Avant Tech is looking for a talented Computer Science Patent Associate Attorney to join our thriving technology law practice. The successful candidate will provide sophisticated legal counsel to clients in the software, hardware, and data science sectors, focusing on patent prosecution and intellectual property strategy. This role will involve working with leading tech companies to protect innovations and navigate complex patent issues. Key Responsibilities: Prepare, file, and prosecute patent …",,avant tech looking talented computer science patent associate attorney join thriving technology law practice successful candidate provide sophisticated legal counsel client software hardware data science sector focusing patent prosecution intellectual property strategy role involve working leading tech company protect innovation navigate complex patent issue key responsibility prepare file prosecute patent
SAP Security Manager,Anheuser-Busch,"Signal Hill, Saint Clair County",IT Jobs,,2025-10-04T02:34:34Z,114425.4,114425.4,https://www.adzuna.com/land/ad/5430876117?se=yDgcBAaq8BGKO9L2trysZA&utm_medium=api&utm_source=183d4472&v=0EFC9DC494972A0217E52ED2167D3C8461A8A584,"Dreaming big is in our DNA. It’s who we are as a company. It’s our culture. It’s our heritage. And more than ever, it’s our future. A future where we’re always looking forward. Always serving up new ways to meet life’s moments. A future where we keep dreaming bigger. We look for people with passion, talent, and curiosity, and provide them with the teammates, resources and opportunities to unleash their full potential. The power we create together – when we combine your strengths with ours – is …",,dreaming big dna company culture heritage ever future future always looking forward always serving new way meet life moment future keep dreaming bigger look people passion talent curiosity provide teammate resource opportunity unleash full potential power create together combine strength
SAP Security Manager,Anheuser-Busch,"Moline Acres, Saint Louis County",IT Jobs,,2025-10-03T15:08:42Z,140498.48,140498.48,https://www.adzuna.com/land/ad/5430043367?se=yDgcBAaq8BGKO9L2trysZA&utm_medium=api&utm_source=183d4472&v=D6188D5274F6F97BDFFDC8E5CC3B7CF9395669CA,"Dreaming big is in our DNA. It’s who we are as a company. It’s our culture. It’s our heritage. And more than ever, it’s our future. A future where we’re always looking forward. Always serving up new ways to meet life’s moments. A future where we keep dreaming bigger. We look for people with passion, talent, and curiosity, and provide them with the teammates, resources and opportunities to unleash their full potential. The power we create together – when we combine your strengths with ours – is …",,dreaming big dna company culture heritage ever future future always looking forward always serving new way meet life moment future keep dreaming bigger look people passion talent curiosity provide teammate resource opportunity unleash full potential power create together combine strength
SAP Security Manager,Anheuser-Busch,"East Carondelet, Saint Clair County",IT Jobs,,2025-10-03T15:07:15Z,111975.43,111975.43,https://www.adzuna.com/land/ad/5430028474?se=yDgcBAaq8BGKO9L2trysZA&utm_medium=api&utm_source=183d4472&v=334E5E0755BBD7F4EA755DD90F8B8FA1B38B26FE,"Dreaming big is in our DNA. It’s who we are as a company. It’s our culture. It’s our heritage. And more than ever, it’s our future. A future where we’re always looking forward. Always serving up new ways to meet life’s moments. A future where we keep dreaming bigger. We look for people with passion, talent, and curiosity, and provide them with the teammates, resources and opportunities to unleash their full potential. The power we create together – when we combine your strengths with ours – is …",,dreaming big dna company culture heritage ever future future always looking forward always serving new way meet life moment future keep dreaming bigger look people passion talent curiosity provide teammate resource opportunity unleash full potential power create together combine strength
SAP Security Manager,Anheuser-Busch,"Riverview, Saint Louis County",IT Jobs,,2025-10-04T02:35:58Z,114903.93,114903.93,https://www.adzuna.com/land/ad/5430879745?se=yDgcBAaq8BGKO9L2trysZA&utm_medium=api&utm_source=183d4472&v=66DDE8A4E1768FABBAFD9A9E8609239782009AB3,"Dreaming big is in our DNA. It’s who we are as a company. It’s our culture. It’s our heritage. And more than ever, it’s our future. A future where we’re always looking forward. Always serving up new ways to meet life’s moments. A future where we keep dreaming bigger. We look for people with passion, talent, and curiosity, and provide them with the teammates, resources and opportunities to unleash their full potential. The power we create together – when we combine your strengths with ours – is …",,dreaming big dna company culture heritage ever future future always looking forward always serving new way meet life moment future keep dreaming bigger look people passion talent curiosity provide teammate resource opportunity unleash full potential power create together combine strength
SAP Security Manager,Anheuser-Busch,"National Stock Yards, Saint Clair County",IT Jobs,,2025-10-03T15:07:16Z,116590.36,116590.36,https://www.adzuna.com/land/ad/5430028822?se=yDgcBAaq8BGKO9L2trysZA&utm_medium=api&utm_source=183d4472&v=A65DEECB9CD75026138C026C0EE424578A4E8408,"Dreaming big is in our DNA. It’s who we are as a company. It’s our culture. It’s our heritage. And more than ever, it’s our future. A future where we’re always looking forward. Always serving up new ways to meet life’s moments. A future where we keep dreaming bigger. We look for people with passion, talent, and curiosity, and provide them with the teammates, resources and opportunities to unleash their full potential. The power we create together – when we combine your strengths with ours – is …",,dreaming big dna company culture heritage ever future future always looking forward always serving new way meet life moment future keep dreaming bigger look people passion talent curiosity provide teammate resource opportunity unleash full potential power create together combine strength
SAP Security Manager,Anheuser-Busch,"Centreville, Saint Clair County",IT Jobs,,2025-10-03T15:07:13Z,121082.62,121082.62,https://www.adzuna.com/land/ad/5430028052?se=yDgcBAaq8BGKO9L2trysZA&utm_medium=api&utm_source=183d4472&v=F2BA508F29B597D7CD31666CC4028717D305A134,"Dreaming big is in our DNA. It’s who we are as a company. It’s our culture. It’s our heritage. And more than ever, it’s our future. A future where we’re always looking forward. Always serving up new ways to meet life’s moments. A future where we keep dreaming bigger. We look for people with passion, talent, and curiosity, and provide them with the teammates, resources and opportunities to unleash their full potential. The power we create together – when we combine your strengths with ours – is …",,dreaming big dna company culture heritage ever future future always looking forward always serving new way meet life moment future keep dreaming bigger look people passion talent curiosity provide teammate resource opportunity unleash full potential power create together combine strength
SAP Security Manager,Anheuser-Busch,"East Saint Louis, Saint Clair County",IT Jobs,,2025-10-04T02:34:27Z,117614.21,117614.21,https://www.adzuna.com/land/ad/5430875492?se=yDgcBAaq8BGKO9L2trysZA&utm_medium=api&utm_source=183d4472&v=04BB172E0978302C36E8B0A7E42F30578C23863F,"Dreaming big is in our DNA. It’s who we are as a company. It’s our culture. It’s our heritage. And more than ever, it’s our future. A future where we’re always looking forward. Always serving up new ways to meet life’s moments. A future where we keep dreaming bigger. We look for people with passion, talent, and curiosity, and provide them with the teammates, resources and opportunities to unleash their full potential. The power we create together – when we combine your strengths with ours – is …",,dreaming big dna company culture heritage ever future future always looking forward always serving new way meet life moment future keep dreaming bigger look people passion talent curiosity provide teammate resource opportunity unleash full potential power create together combine strength
SAP Security Manager,Anheuser-Busch,"Manchester, Saint Louis County",IT Jobs,,2025-10-06T02:59:04Z,138749.38,138749.38,https://www.adzuna.com/land/ad/5433683293?se=yDgcBAaq8BGKO9L2trysZA&utm_medium=api&utm_source=183d4472&v=C25EB0148CCFF08CA902F40B3704901F83B5D18C,"Dreaming big is in our DNA. It’s who we are as a company. It’s our culture. It’s our heritage. And more than ever, it’s our future. A future where we’re always looking forward. Always serving up new ways to meet life’s moments. A future where we keep dreaming bigger. We look for people with passion, talent, and curiosity, and provide them with the teammates, resources and opportunities to unleash their full potential. The power we create together – when we combine your strengths with ours – is …",,dreaming big dna company culture heritage ever future future always looking forward always serving new way meet life moment future keep dreaming bigger look people passion talent curiosity provide teammate resource opportunity unleash full potential power create together combine strength
SAP Security Manager,Anheuser-Busch,"Wilbur Park, Saint Louis County",IT Jobs,,2025-10-03T15:08:42Z,119870.37,119870.37,https://www.adzuna.com/land/ad/5430043558?se=yDgcBAaq8BGKO9L2trysZA&utm_medium=api&utm_source=183d4472&v=55B21BA057B24DF7E640FE54AE70B44DAE2FC5CA,"Dreaming big is in our DNA. It’s who we are as a company. It’s our culture. It’s our heritage. And more than ever, it’s our future. A future where we’re always looking forward. Always serving up new ways to meet life’s moments. A future where we keep dreaming bigger. We look for people with passion, talent, and curiosity, and provide them with the teammates, resources and opportunities to unleash their full potential. The power we create together – when we combine your strengths with ours – is …",,dreaming big dna company culture heritage ever future future always looking forward always serving new way meet life moment future keep dreaming bigger look people passion talent curiosity provide teammate resource opportunity unleash full potential power create together combine strength
SAP Security Manager,Anheuser-Busch,"Saint Louis, Saint Louis County",IT Jobs,,2025-10-12T04:23:30Z,114903.93,114903.93,https://www.adzuna.com/land/ad/5443949580?se=yDgcBAaq8BGKO9L2trysZA&utm_medium=api&utm_source=183d4472&v=42CBD8284932982162E1E4439486BBB4942AB312,"Dreaming big is in our DNA. It’s who we are as a company. It’s our culture. It’s our heritage. And more than ever, it’s our future. A future where we’re always looking forward. Always serving up new ways to meet life’s moments. A future where we keep dreaming bigger. We look for people with passion, talent, and curiosity, and provide them with the teammates, resources and opportunities to unleash their full potential. The power we create together – when we combine your strengths with ours – is …",,dreaming big dna company culture heritage ever future future always looking forward always serving new way meet life moment future keep dreaming bigger look people passion talent curiosity provide teammate resource opportunity unleash full potential power create together combine strength
SAP Security Manager,Anheuser-Busch,"Clayton, Saint Louis County",IT Jobs,,2025-10-04T02:35:59Z,114903.93,114903.93,https://www.adzuna.com/land/ad/5430879869?se=yDgcBAaq8BGKO9L2trysZA&utm_medium=api&utm_source=183d4472&v=E0B37953980F449BA5C1BEF3A73915DD6DBD16E1,"Dreaming big is in our DNA. It’s who we are as a company. It’s our culture. It’s our heritage. And more than ever, it’s our future. A future where we’re always looking forward. Always serving up new ways to meet life’s moments. A future where we keep dreaming bigger. We look for people with passion, talent, and curiosity, and provide them with the teammates, resources and opportunities to unleash their full potential. The power we create together – when we combine your strengths with ours – is …",,dreaming big dna company culture heritage ever future future always looking forward always serving new way meet life moment future keep dreaming bigger look people passion talent curiosity provide teammate resource opportunity unleash full potential power create together combine strength
SAP Security Manager,Anheuser-Busch,"Pagedale, Saint Louis County",IT Jobs,,2025-10-04T02:35:59Z,113720.02,113720.02,https://www.adzuna.com/land/ad/5430879840?se=yDgcBAaq8BGKO9L2trysZA&utm_medium=api&utm_source=183d4472&v=FCB2459B66A621D0672FF3CC7CA3E2C3558436CF,"Dreaming big is in our DNA. It’s who we are as a company. It’s our culture. It’s our heritage. And more than ever, it’s our future. A future where we’re always looking forward. Always serving up new ways to meet life’s moments. A future where we keep dreaming bigger. We look for people with passion, talent, and curiosity, and provide them with the teammates, resources and opportunities to unleash their full potential. The power we create together – when we combine your strengths with ours – is …",,dreaming big dna company culture heritage ever future future always looking forward always serving new way meet life moment future keep dreaming bigger look people passion talent curiosity provide teammate resource opportunity unleash full potential power create together combine strength
SAP Security Manager,Anheuser-Busch,"Washingtn Park, Saint Clair County",IT Jobs,,2025-10-03T15:08:43Z,115017.07,115017.07,https://www.adzuna.com/land/ad/5430043927?se=yDgcBAaq8BGKO9L2trysZA&utm_medium=api&utm_source=183d4472&v=1C11D7DE14F67E54A264B73F4FE1C232B3145A42,"Dreaming big is in our DNA. It’s who we are as a company. It’s our culture. It’s our heritage. And more than ever, it’s our future. A future where we’re always looking forward. Always serving up new ways to meet life’s moments. A future where we keep dreaming bigger. We look for people with passion, talent, and curiosity, and provide them with the teammates, resources and opportunities to unleash their full potential. The power we create together – when we combine your strengths with ours – is …",,dreaming big dna company culture heritage ever future future always looking forward always serving new way meet life moment future keep dreaming bigger look people passion talent curiosity provide teammate resource opportunity unleash full potential power create together combine strength
SAP Security Manager,Anheuser-Busch,"Webster Groves, Saint Louis County",IT Jobs,,2025-10-03T15:08:43Z,139128.47,139128.47,https://www.adzuna.com/land/ad/5430043825?se=yDgcBAaq8BGKO9L2trysZA&utm_medium=api&utm_source=183d4472&v=3F931D45BD2C5DBBA523330E377C92FF68040FE2,"Dreaming big is in our DNA. It’s who we are as a company. It’s our culture. It’s our heritage. And more than ever, it’s our future. A future where we’re always looking forward. Always serving up new ways to meet life’s moments. A future where we keep dreaming bigger. We look for people with passion, talent, and curiosity, and provide them with the teammates, resources and opportunities to unleash their full potential. The power we create together – when we combine your strengths with ours – is …",,dreaming big dna company culture heritage ever future future always looking forward always serving new way meet life moment future keep dreaming bigger look people passion talent curiosity provide teammate resource opportunity unleash full potential power create together combine strength
SAP Security Manager,Anheuser-Busch,"Lovejoy, Saint Clair County",IT Jobs,,2025-10-04T02:34:17Z,126492.24,126492.24,https://www.adzuna.com/land/ad/5430874911?se=yDgcBAaq8BGKO9L2trysZA&utm_medium=api&utm_source=183d4472&v=9E5E73CD4497D15722392B1130FBCC2C26E53B44,"Dreaming big is in our DNA. It’s who we are as a company. It’s our culture. It’s our heritage. And more than ever, it’s our future. A future where we’re always looking forward. Always serving up new ways to meet life’s moments. A future where we keep dreaming bigger. We look for people with passion, talent, and curiosity, and provide them with the teammates, resources and opportunities to unleash their full potential. The power we create together – when we combine your strengths with ours – is …",,dreaming big dna company culture heritage ever future future always looking forward always serving new way meet life moment future keep dreaming bigger look people passion talent curiosity provide teammate resource opportunity unleash full potential power create together combine strength
Senior Policy Based Access Control (PBAC) Engineer,Edward Jones,"Manchester, Saint Louis County",IT Jobs,full_time,2025-10-04T02:35:50Z,105694.17,105694.17,https://www.adzuna.com/land/ad/5430879345?se=yDgcBAaq8BGKO9L2trysZA&utm_medium=api&utm_source=183d4472&v=171A9104EE3CFE0F209983075725DC0225AA9BED,"Innovate here. And see your ideas come to life. It's an exciting time to work in tech at Edward Jones. We are making massive investments in emerging technologies to improve how we work with our clients and with each other. Relationships are the focus of our business model. And working in Technology here means using your skills to build, deliver and maintain the technologies that enable us to deepen and support those relationships. The best part? We develop and create our own industry-leading so…",,innovate see idea come life exciting time work tech edward jones making massive investment emerging technology improve work client relationship focus business model working technology mean using skill build deliver maintain technology enable u deepen support relationship best part develop create industry leading
NETWORK SYSTEM ENGINEER with Security Clearance,CEdge Software Consultants,"Saint Louis, Saint Louis County",IT Jobs,,2025-08-13T13:20:36Z,271274.94,271274.94,https://www.adzuna.com/land/ad/5350689461?se=yDgcBAaq8BGKO9L2trysZA&utm_medium=api&utm_source=183d4472&v=E9012C4F77AB8C23F9A84474B33D505B5A9A6774,"Skills and Experience: Required: · Bachelor’s degree in Computer Science / Math / Science / Engineering or IT related degree. · 12 years of technical experience is required, to include: o 10 years of demonstrated experience developing networking technologies such as routing, circuit switching, packet switching, multiprotocol label switching (MPLS), and encapsulation protocols, as well as their accompanying international, government, or industry standards. o 4 years of IT planning/scheduling/req…",,skill experience required bachelor degree computer science math science engineering related degree 12 year technical experience required include 10 year demonstrated experience developing networking technology routing circuit switching packet switching multiprotocol label switching mpls encapsulation protocol well accompanying international government industry standard 4 year planning scheduling req
Embedded Engineer - Cyber with Security Clearance,Beacon Hill,"Saint Louis, Saint Louis County",IT Jobs,,2025-08-31T20:59:12Z,177694.66,177694.66,https://www.adzuna.com/land/ad/5376890321?se=yDgcBAaq8BGKO9L2trysZA&utm_medium=api&utm_source=183d4472&v=DB730F696EFF9AC2F5F46F609A5AE95AE74D8AD8,"Overview We are seeking an Embedded Cyber Software Developer to support cybersecurity initiatives in secure boot, firmware security, and hardware root of trust. The role involves developing and configuring boot loaders, implementing encryption and hashing algorithms, managing secure firmware updates, and collaborating with cross-functional teams to integrate robust security features across the product lifecycle. Key Responsibilities Develop, sign, and configure secure boot loaders (UEFI, EFI, a…",,overview seeking embedded cyber software developer support cybersecurity initiative secure boot firmware security hardware root trust role involves developing configuring boot loader implementing encryption hashing algorithm managing secure firmware update collaborating cross functional team integrate robust security feature across product lifecycle key responsibility develop sign configure secure boot loader uefi efi
▷ Apply Now! Senior Structural Design Engineer - F-15,BOEING,"Saint Louis, Saint Louis County",Engineering Jobs,,2025-10-13T18:46:48Z,159056.16,159056.16,https://www.adzuna.com/land/ad/5446129517?se=NDNQBQaq8BG144HPGEi7BA&utm_medium=api&utm_source=183d4472&v=85D28B4F22A318932F00261B5DF01B6C7FCABB90,"Job Description At Boeing, we innovate and collaborate to make the world a better place. We're committed to fostering an environment for every teammate that's welcoming, respectful and inclusive, with great opportunity for professional growth. Find your future with us. Boeing St. Louis is building the future creating innovative solutions that will define the next generation of aerospace. We are currently seeking Structural Design Engineers (Levels 4 - 5) to develop, maintain and modify structur…",,job description boeing innovate collaborate make world better place committed fostering environment every teammate welcoming respectful inclusive great opportunity professional growth find future u boeing st louis building future creating innovative solution define next generation aerospace currently seeking structural design engineer level 4 5 develop maintain modify structur
Senior Structural Design Engineer - F-15 (Apply Now),BOEING,"Saint Louis, Saint Louis County",Engineering Jobs,,2025-10-13T18:46:56Z,159056.16,159056.16,https://www.adzuna.com/land/ad/5446129792?se=NDNQBQaq8BG144HPGEi7BA&utm_medium=api&utm_source=183d4472&v=AFB37A8CFD6BE6CE8161100432E1DF5D78CF069A,"Job Description At Boeing, we innovate and collaborate to make the world a better place. We're committed to fostering an environment for every teammate that's welcoming, respectful and inclusive, with great opportunity for professional growth. Find your future with us. Boeing St. Louis is building the future creating innovative solutions that will define the next generation of aerospace. We are currently seeking Structural Design Engineers (Levels 4 - 5) to develop, maintain and modify structur…",,job description boeing innovate collaborate make world better place committed fostering environment every teammate welcoming respectful inclusive great opportunity professional growth find future u boeing st louis building future creating innovative solution define next generation aerospace currently seeking structural design engineer level 4 5 develop maintain modify structur
Cyber Security Engineer with Security Clearance,CEdge Software Consultants,"Saint Louis, Saint Louis County",IT Jobs,,2025-08-01T09:43:33Z,140113.12,140113.12,https://www.adzuna.com/land/ad/5332018000?se=NDNQBQaq8BG144HPGEi7BA&utm_medium=api&utm_source=183d4472&v=C8D2433B299B34886E4570745DF2EC16170B220C,"CEdge has an opportunity for a Cyber Security Engineer (Senior Level), located in St Louis,MO If you are ready to work alongside World Renowned Technology experts, and carry the skills below, this is the opportunity that will inevitably take your career to unbelievable levels! This position requires a TS/SCI Security Clearance Cyber Security Engineer (Senior) Overall Assignment Description: The N2W Cyber Security Engineer will serve as a member of the N2W Active IT and project team, providing s…",,cedge opportunity cyber security engineer senior level located st louis mo ready work alongside world renowned technology expert carry skill opportunity inevitably take career unbelievable level position requires t sci security clearance cyber security engineer senior overall assignment description n2w cyber security engineer serve member n2w active project team providing
TSCM Practitioner support (Level III) with Security Clearance,CEdge Software Consultants,"Saint Louis, Saint Louis County",IT Jobs,,2025-08-01T09:44:13Z,224673.16,224673.16,https://www.adzuna.com/land/ad/5332021304?se=NDNQBQaq8BG144HPGEi7BA&utm_medium=api&utm_source=183d4472&v=C4EE0B609BB33FCE0A1929A323B5C83E21262A49,"Overall Assignment Description: Conduct TSCM, Foreign Visit, Gift Inspection, Digital Counterexploitation, Technical Evaluation activities and other technical operations supporting the NGA TSCM program, TSSC modernization goals, and Office of Counterintelligence Technical CI Division. Maintain familiarization with all governing national and agency level policies, ensuring compliance with all facets of reporting and training requirements as well as all other regulatory guidelines. Duties may inc…",,overall assignment description conduct tscm foreign visit gift inspection digital counterexploitation technical evaluation activity technical operation supporting nga tscm program tssc modernization goal office counterintelligence technical ci division maintain familiarization governing national agency level policy ensuring compliance facet reporting training requirement well regulatory guideline duty may inc
▷ [10/15/2025] Senior Structural Analysis Engineer - F-15,BOEING,"Saint Louis, Saint Louis County",Engineering Jobs,,2025-10-13T18:46:47Z,139932.98,139932.98,https://www.adzuna.com/land/ad/5446129435?se=NDNQBQaq8BG144HPGEi7BA&utm_medium=api&utm_source=183d4472&v=CBA98D959212F56FABC24A91A01910365A3530E0,"Job Description At Boeing, we innovate and collaborate to make the world a better place. We're committed to fostering an environment for every teammate that's welcoming, respectful and inclusive, with great opportunity for professional growth. Find your future with us. Boeing St. Louis is building the future creating innovative solutions that will define the next generation of aerospace. We are currently seeking Structural Analysis Engineers (Level 4 or 5) to verify structural integrity by usin…",,job description boeing innovate collaborate make world better place committed fostering environment every teammate welcoming respectful inclusive great opportunity professional growth find future u boeing st louis building future creating innovative solution define next generation aerospace currently seeking structural analysis engineer level 4 5 verify structural integrity usin
▷ Apply in 3 Minutes: Senior Guidance Navigation and Control Engineer,BOEING,"Saint Louis, Saint Louis County",Engineering Jobs,,2025-10-13T18:46:43Z,150376.08,150376.08,https://www.adzuna.com/land/ad/5446129215?se=NDNQBQaq8BG144HPGEi7BA&utm_medium=api&utm_source=183d4472&v=9CF8B8D12AE7DDEC9BA64B9B0DE07668EA689BC4,"Job Description At Boeing, we innovate and collaborate to make the world a better place. We're committed to fostering an environment for every teammate that's welcoming, respectful and inclusive, with great opportunity for professional growth. Find your future with us. Boeing Defense, Space & Security (BDS) is hiring Senior Guidance Navigation and Control (GNC) Engineers to join the Flight Systems Engineering Capability in Berkeley, MO. These roles will support new product design, development, …",,job description boeing innovate collaborate make world better place committed fostering environment every teammate welcoming respectful inclusive great opportunity professional growth find future u boeing defense space security bd hiring senior guidance navigation control gnc engineer join flight system engineering capability berkeley mo role support new product design development
F-15 Mission Systems Communications and Datalink Integration Engineer,BOEING,"Saint Louis, Saint Louis County",Engineering Jobs,,2025-10-13T18:46:59Z,119767.07,119767.07,https://www.adzuna.com/land/ad/5446129935?se=NDNQBQaq8BG144HPGEi7BA&utm_medium=api&utm_source=183d4472&v=209E64E5F39BC71757F853193A10592D3B421F6E,"Job Description At Boeing, we innovate and collaborate to make the world a better place. We're committed to fostering an environment for every teammate that's welcoming, respectful and inclusive, with great opportunity for professional growth. Find your future with us. The Boeing Company is currently seeking an Experienced F-15 Mission Systems Communications and Datalink Integration Engineer to join the F-15 Mission Systems Team located in Berkeley, MO. This position will focus on supporting th…",,job description boeing innovate collaborate make world better place committed fostering environment every teammate welcoming respectful inclusive great opportunity professional growth find future u boeing company currently seeking experienced f 15 mission system communication datalink integration engineer join f 15 mission system team located berkeley mo position focus supporting th
F-15 Mission Systems Communications and Datalink Integration Engineer,BOEING,"Saint Louis, Saint Louis County",Engineering Jobs,,2025-10-13T18:46:48Z,120101.62,120101.62,https://www.adzuna.com/land/ad/5446129492?se=NDNQBQaq8BG144HPGEi7BA&utm_medium=api&utm_source=183d4472&v=9549401C65EE644685E406F3D1F4533419D02BAA,"Job Description At Boeing, we innovate and collaborate to make the world a better place. We're committed to fostering an environment for every teammate that's welcoming, respectful and inclusive, with great opportunity for professional growth. Find your future with us. The Boeing Company is currently seeking an Experienced F-15 Mission SystemsCommunications and Datalink Integration Engineer to join the F-15 Mission Systems Team located in Berkeley, MO. This position will focus on supporting the…",,job description boeing innovate collaborate make world better place committed fostering environment every teammate welcoming respectful inclusive great opportunity professional growth find future u boeing company currently seeking experienced f 15 mission systemscommunications datalink integration engineer join f 15 mission system team located berkeley mo position focus supporting
Senior Structural Analysis Engineer - F-15 [15h Left],BOEING,"Saint Louis, Saint Louis County",Engineering Jobs,,2025-10-13T08:43:23Z,157483.11,157483.11,https://www.adzuna.com/land/ad/5445615272?se=NDNQBQaq8BG144HPGEi7BA&utm_medium=api&utm_source=183d4472&v=8ACF89D7B4AB1410D0C8DC71F6181770F08ABB6D,"Job Description At Boeing, we innovate and collaborate to make the world a better place. We're committed to fostering an environment for every teammate that's welcoming, respectful and inclusive, with great opportunity for professional growth. Find your future with us. Boeing St. Louis is building the future creating innovative solutions that will define the next generation of aerospace. We are currently seeking Structural Analysis Engineers (Level 4 or 5) to verify structural integrity by usin…",,job description boeing innovate collaborate make world better place committed fostering environment every teammate welcoming respectful inclusive great opportunity professional growth find future u boeing st louis building future creating innovative solution define next generation aerospace currently seeking structural analysis engineer level 4 5 verify structural integrity usin
TSCM Practitioner support (Level 3) 127-014 with Security Clearance,IC-CAP,"Saint Louis, Saint Louis County",IT Jobs,,2025-10-07T14:46:51Z,224433.1,224433.1,https://www.adzuna.com/land/ad/5435887693?se=NDNQBQaq8BG144HPGEi7BA&utm_medium=api&utm_source=183d4472&v=E0483E6BA745200E9A3EE28095DA05AEEEF9ED84,"TSCM Practitioner support (Level 3) will conduct TSCM, Foreign Visit, Gift Inspection, Digital Counterexploitation, Technical Evaluation activities and other technical operations supporting the NGA TSCM program, TSSC modernization goals, and Office of Counterintelligence Technical CI Division. Maintain familiarization with all governing national and agency level policies, ensuring compliance with all facets of reporting and training requirements as well as all other regulatory guidelines. Dutie…",,tscm practitioner support level 3 conduct tscm foreign visit gift inspection digital counterexploitation technical evaluation activity technical operation supporting nga tscm program tssc modernization goal office counterintelligence technical ci division maintain familiarization governing national agency level policy ensuring compliance facet reporting training requirement well regulatory guideline dutie
Associate Systems Engineer,BOEING,"Saint Louis, Saint Louis County",Engineering Jobs,,2025-10-14T04:48:25Z,97677.7,97677.7,https://www.adzuna.com/land/ad/5446657959?se=NDNQBQaq8BG144HPGEi7BA&utm_medium=api&utm_source=183d4472&v=DD759EAB1A80B65C5B319F4BDAB1902CC27FE8BA,"Job Description At Boeing, we innovate and collaborate to make the world a better place. We're committed to fostering an environment for every teammate that's welcoming, respectful and inclusive, with great opportunity for professional growth. Find your future with us. The Boeing Company is actively seeking Associate Systems Engineers to join its Saint-Louis based Divisions/Business Units, work locations to include Hazelwood, MO, Saint Charles, MO, or Berkeley, MO. Boeing is focused on providin…",,job description boeing innovate collaborate make world better place committed fostering environment every teammate welcoming respectful inclusive great opportunity professional growth find future u boeing company actively seeking associate system engineer join saint louis based division business unit work location include hazelwood mo saint charles mo berkeley mo boeing focused providin
"Electrical Design, Analysis and Test Engineer - (Signing Bonus Potential)",BOEING,"Saint Louis, Saint Louis County",Engineering Jobs,,2025-10-13T18:46:48Z,114715.82,114715.82,https://www.adzuna.com/land/ad/5446129464?se=NDNQBQaq8BG144HPGEi7BA&utm_medium=api&utm_source=183d4472&v=19215F6E7EE1AE0EC159AAE01BEDE7377629F932,"Job Description At Boeing, we innovate and collaborate to make the world a better place. We're committed to fostering an environment for every teammate that's welcoming, respectful and inclusive, with great opportunity for professional growth. Find your future with us. The Boeing Company has an exciting opportunity for an Electronic Systems Design, Analysis, and Test Engineer for current and emerging programs across the St. Louis region, including Berkeley, MO, Hazelwood, MO, St. Charles, MO, a…",,job description boeing innovate collaborate make world better place committed fostering environment every teammate welcoming respectful inclusive great opportunity professional growth find future u boeing company exciting opportunity electronic system design analysis test engineer current emerging program across st louis region including berkeley mo hazelwood mo st charles mo
"Electrical Design, Analysis and Test Engineer - (Signing Bonus Potential) [10/15/2025]",BOEING,"Saint Louis, Saint Louis County",Engineering Jobs,,2025-10-13T08:43:21Z,114715.82,114715.82,https://www.adzuna.com/land/ad/5445615147?se=NDNQBQaq8BG144HPGEi7BA&utm_medium=api&utm_source=183d4472&v=6EDF5435A2DC798A518CD902863B28F0B752B0E7,"Job Description At Boeing, we innovate and collaborate to make the world a better place. We're committed to fostering an environment for every teammate that's welcoming, respectful and inclusive, with great opportunity for professional growth. Find your future with us. The Boeing Company has an exciting opportunity for an Electronic Systems Design, Analysis, and Test Engineer for current and emerging programs across the St. Louis region, including Berkeley, MO, Hazelwood, MO, St. Charles, MO, a…",,job description boeing innovate collaborate make world better place committed fostering environment every teammate welcoming respectful inclusive great opportunity professional growth find future u boeing company exciting opportunity electronic system design analysis test engineer current emerging program across st louis region including berkeley mo hazelwood mo st charles mo
▷ High Salary! F-15 Mission Systems Integration Architect,BOEING,"Saint Louis, Saint Louis County",Engineering Jobs,,2025-10-13T18:46:41Z,139900.42,139900.42,https://www.adzuna.com/land/ad/5446129135?se=NDNQBQaq8BG144HPGEi7BA&utm_medium=api&utm_source=183d4472&v=5D413C7449604E81C5BA099B435C7E15D3525D43,"Job Description At Boeing, we innovate and collaborate to make the world a better place. We're committed to fostering an environment for every teammate that's welcoming, respectful and inclusive, with great opportunity for professional growth. Find your future with us. The Boeing Defense, Space & Security (BDS) team is seeking is seeking a Senior Design and Analysis Engineer located in Berkeley, MO. As a member of the team, you will lead the development and execution of new avionics architectur…",,job description boeing innovate collaborate make world better place committed fostering environment every teammate welcoming respectful inclusive great opportunity professional growth find future u boeing defense space security bd team seeking seeking senior design analysis engineer located berkeley mo member team lead development execution new avionics architectur
"Ignition Developer/Lead (IIoT, Ignition, Edge Computing)",Net2Source ,"Saint Louis, Saint Louis County",IT Jobs,,2025-10-11T02:56:30Z,115901.8,115901.8,https://www.adzuna.com/land/ad/5442367629?se=NDNQBQaq8BG144HPGEi7BA&utm_medium=api&utm_source=183d4472&v=B433BFFB957DD53C81644B9E6DD132325014B582,"Job Description Title- Ignition Developer/Lead ( IIoT, Ignition, Edge Computing) Location- St. Louis, MO Term: Contract Note: Project location is in Jefferson City, and the nearby resource location e.g. St. Louis preferred. Initially ~ 7-8 weeks onsite presence is required and then can be optimized based on the requirement i.e. ~50%. Experience: 5 years in IIoT, Ignition, Edge Computing with 10 years in Automation. Job Description: Design and deliver scalable, modular solutions in Ignition (Per…",,job description title ignition developer lead iiot ignition edge computing location st louis mo term contract note project location jefferson city nearby resource location e g st louis preferred initially 7 8 week onsite presence required optimized based requirement e 50 experience 5 year iiot ignition edge computing 10 year automation job description design deliver scalable modular solution ignition per
System Engineer (Senior) 112-131 with Security Clearance,IC-CAP,"Saint Louis, Saint Louis County",IT Jobs,,2025-08-01T09:43:37Z,119949.39,119949.39,https://www.adzuna.com/land/ad/5332018266?se=NDNQBQaq8BG144HPGEi7BA&utm_medium=api&utm_source=183d4472&v=53A0C474831FB5840A23683509CD12AE474D6960,"System Engineer (Senior): Overall Assignment Description: The N2W Deployment Systems Engineer shall provide systems engineering, systems integration, project management, process and schedule documentation support. The N2W Deployment Systems Engineer will support the Enterprise Deployment process planning, deployment program coordination, schedule development, mission dependency development and documentation of the deployment of the NCW Enterprise to the new N2W building. The N2W Deployment Syst…",,system engineer senior overall assignment description n2w deployment system engineer shall provide system engineering system integration project management process schedule documentation support n2w deployment system engineer support enterprise deployment process planning deployment program coordination schedule development mission dependency development documentation deployment ncw enterprise new n2w building n2w deployment syst
N2W TSCM Support (Level 3) 127-015 with Security Clearance,IC-CAP,"Saint Louis, Saint Louis County",IT Jobs,,2025-10-07T14:50:09Z,150832.38,150832.38,https://www.adzuna.com/land/ad/5435896154?se=NDNQBQaq8BG144HPGEi7BA&utm_medium=api&utm_source=183d4472&v=2B7987669348083816E20FCED262921D2D043585,"N2W TSCM Support (Level 3) to conduct TSCM, Foreign Visit, Gift Inspection, Digital Counterexploitation, Technical Evaluation activities and other technical operations supporting the NGA TSCM program, TSSC modernization goals, and Office of Counterintelligence Technical CI Division. Maintain familiarization with all governing national and agency level policies, ensuring compliance with all facets of reporting and training requirements as well as all other regulatory guidelines. Duties may inclu…",,n2w tscm support level 3 conduct tscm foreign visit gift inspection digital counterexploitation technical evaluation activity technical operation supporting nga tscm program tssc modernization goal office counterintelligence technical ci division maintain familiarization governing national agency level policy ensuring compliance facet reporting training requirement well regulatory guideline duty may inclu
(10/15/2025) Systems Engineer (Experienced or Lead),Boeing,"Saint Louis, Saint Louis County",Engineering Jobs,,2025-10-13T08:43:22Z,124181.54,124181.54,https://www.adzuna.com/land/ad/5445615209?se=NDNQBQaq8BG144HPGEi7BA&utm_medium=api&utm_source=183d4472&v=0D1950CF4044CBD59948AF803A47467F738060E8,"Job Description At Boeing, we innovate and collaborate to make the world a better place. We're committed to fostering an environment for every teammate that's welcoming, respectful and inclusive, with great opportunity for professional growth. Find your future with us. A leading global aerospace company and top U.S. exporter, Boeing develops, manufactures and services commercial airplanes, defense products and space systems for customers in more than 150 countries. Our U.S. and global workforce…",,job description boeing innovate collaborate make world better place committed fostering environment every teammate welcoming respectful inclusive great opportunity professional growth find future u leading global aerospace company top u exporter boeing develops manufacture service commercial airplane defense product space system customer 150 country u global workforce
Systems Engineer (Experienced or Lead),BOEING,"Saint Louis, Saint Louis County",Engineering Jobs,,2025-10-13T23:40:57Z,124181.54,124181.54,https://www.adzuna.com/land/ad/5446400573?se=NDNQBQaq8BG144HPGEi7BA&utm_medium=api&utm_source=183d4472&v=3A96EF517145EBC25D0D53FADA02EE42851EE84B,"Job Description At Boeing, we innovate and collaborate to make the world a better place. We're committed to fostering an environment for every teammate that's welcoming, respectful and inclusive, with great opportunity for professional growth. Find your future with us. A leading global aerospace company and top U.S. exporter, Boeing develops, manufactures and services commercial airplanes, defense products and space systems for customers in more than 150 countries. Our U.S. and global workforce…",,job description boeing innovate collaborate make world better place committed fostering environment every teammate welcoming respectful inclusive great opportunity professional growth find future u leading global aerospace company top u exporter boeing develops manufacture service commercial airplane defense product space system customer 150 country u global workforce
"Senior Electronic Systems Design, Analysis, and Test Engineer - Fighters - (Signing Bonus Potential)",Boeing,"Saint Louis, Saint Louis County",Engineering Jobs,,2025-10-13T18:46:43Z,142058.28,142058.28,https://www.adzuna.com/land/ad/5446129218?se=NDNQBQaq8BG144HPGEi7BA&utm_medium=api&utm_source=183d4472&v=71285DF93AD75E7580188F0D6F01021094330F27,"Job Description At Boeing, we innovate and collaborate to make the world a better place. We're committed to fostering an environment for every teammate that's welcoming, respectful and inclusive, with great opportunity for professional growth. Find your future with us. The Boeing Company has an exciting opportunity for a Senior Electronic Systems Design, Analysis, and Test Engineer for Fighters programs located in Berkeley, MO. These programs include: - F/A-18, EA-18G, F-15, F-22 - production t…",,job description boeing innovate collaborate make world better place committed fostering environment every teammate welcoming respectful inclusive great opportunity professional growth find future u boeing company exciting opportunity senior electronic system design analysis test engineer fighter program located berkeley mo program include f 18 ea 18g f 15 f 22 production
(10/15/2025) Experienced Mass Properties Engineer,BOEING,"Saint Louis, Saint Louis County",Engineering Jobs,,2025-10-13T08:43:29Z,137335.36,137335.36,https://www.adzuna.com/land/ad/5445615552?se=aON-Bgaq8BGKO9L2trysZA&utm_medium=api&utm_source=183d4472&v=AC640DA0385423308FA3B8168D2203B8A88911C0,"Job Description At Boeing, we innovate and collaborate to make the world a better place. We're committed to fostering an environment for every teammate that's welcoming, respectful and inclusive, with great opportunity for professional growth. Find your future with us. Boeing Defense, Space & Security's Phantom Works division is seeking an Experienced Mass Properties Engineer at the Hazelwood, MO or Berkeley, MO site to support upcoming Advanced Development Programs. The individual in this role…",,job description boeing innovate collaborate make world better place committed fostering environment every teammate welcoming respectful inclusive great opportunity professional growth find future u boeing defense space security phantom work division seeking experienced mass property engineer hazelwood mo berkeley mo site support upcoming advanced development program individual role
Experienced Mass Properties Engineer [Immediate Start],BOEING,"Saint Louis, Saint Louis County",Engineering Jobs,,2025-10-13T18:46:42Z,133715.62,133715.62,https://www.adzuna.com/land/ad/5446129161?se=aON-Bgaq8BGKO9L2trysZA&utm_medium=api&utm_source=183d4472&v=2A9853CD95C7EEA2FAD66FB4F58FA9ED6ED68B2E,"Job Description At Boeing, we innovate and collaborate to make the world a better place. We're committed to fostering an environment for every teammate that's welcoming, respectful and inclusive, with great opportunity for professional growth. Find your future with us. Boeing Defense, Space & Security's Phantom Works division is seeking an Experienced Mass Properties Engineer at the Hazelwood, MO or Berkeley, MO site to support upcoming Advanced Development Programs. The individual in this role…",,job description boeing innovate collaborate make world better place committed fostering environment every teammate welcoming respectful inclusive great opportunity professional growth find future u boeing defense space security phantom work division seeking experienced mass property engineer hazelwood mo berkeley mo site support upcoming advanced development program individual role
Design and Analysis Engineer (Electronic Sys Design & Analy),BOEING,"Saint Louis, Saint Louis County",Engineering Jobs,,2025-10-15T11:17:46Z,168641.77,168641.77,https://www.adzuna.com/land/ad/5448711512?se=aON-Bgaq8BGKO9L2trysZA&utm_medium=api&utm_source=183d4472&v=53CAC96B5FF18CD1596347F16020FFB3CDFDE263,"Job Description At Boeing, we innovate and collaborate to make the world a better place. We're committed to fostering an environment for every teammate that's welcoming, respectful and inclusive, with great opportunity for professional growth. Find your future with us. Boeing Defense, Space & Security (BDS) seeks a Senior Design and Analysis Engineer (Electronic Sys Design & Analy) top join our F/A-18 Mission Systems team in Berkely, MO. This position is for a level-4 integration engineer to le…",,job description boeing innovate collaborate make world better place committed fostering environment every teammate welcoming respectful inclusive great opportunity professional growth find future u boeing defense space security bd seek senior design analysis engineer electronic sys design analy top join f 18 mission system team berkely mo position level 4 integration engineer le
Equipment & Tool Engineer with Security Clearance,Beacon Hill,"Saint Louis, Saint Louis County",Engineering Jobs,,2025-08-14T17:18:12Z,130684.14,130684.14,https://www.adzuna.com/land/ad/5352897383?se=aON-Bgaq8BGKO9L2trysZA&utm_medium=api&utm_source=183d4472&v=1880DBC9228C7024B69CC3CB0E0CE5943B716AED,"As a Tooling Engineer, you will evaluate program and project requirements to develop complex equipment and tooling concepts. You will analyze technical data to assess the impact on product engineering design and rate estimates, while also identifying opportunities for robotics, automation, and system integration. Your role will ensure compliance with safety, producibility, maintainability, reliability, and regulatory requirements. Key Responsibilities: Develop and design tooling solutions using…",,tooling engineer evaluate program project requirement develop complex equipment tooling concept analyze technical data assess impact product engineering design rate estimate also identifying opportunity robotics automation system integration role ensure compliance safety producibility maintainability reliability regulatory requirement key responsibility develop design tooling solution using
Senior Data Scientist with Security Clearance,Integrity First Technologies LLC,"Saint Louis, Saint Louis County",IT Jobs,,2025-08-13T17:16:03Z,194473.1,194473.1,https://www.adzuna.com/land/ad/5351213015?se=aON-Bgaq8BGKO9L2trysZA&utm_medium=api&utm_source=183d4472&v=21AF2D70C04F6D92E4AB626C66B71DDDF53B2B3B,"Senior Data Scientist (10 yrs experience) - NGA Campus West (NCW), St. Louis, MO *Must have a background with intelligence experience, providing analysis and/or data science to an intelligence mission. *Must be able to operate at a senior level and in an independent environment. *Must be proficient and creating processes around large data sets to identify analytical discoveries *Must be able to take these discoveries and provide them through visualizations that are easily integrated into daily …",,senior data scientist 10 yr experience nga campus west ncw st louis mo must background intelligence experience providing analysis data science intelligence mission must able operate senior level independent environment must proficient creating process around large data set identify analytical discovery must able take discovery provide visualization easily integrated daily
Senior Electronic Systems Design and Analysis Engineer - Mission Computing - Signing Bonus Potential,BOEING,"Saint Louis, Saint Louis County",Engineering Jobs,,2025-10-13T18:47:00Z,170386.56,170386.56,https://www.adzuna.com/land/ad/5446129993?se=aON-Bgaq8BGKO9L2trysZA&utm_medium=api&utm_source=183d4472&v=C0533244161AE30D154C45C35D093ED7CCF01D60,"Job Description At Boeing, we innovate and collaborate to make the world a better place. We're committed to fostering an environment for every teammate that's welcoming, respectful and inclusive, with great opportunity for professional growth. Find your future with us. The Boeing Company has an exciting opportunity for an Experienced/Senior Electronic Systems Design and Analysis Engineer for current and emerging fixed wing fighter programs located in Berkeley, MO. These programs include: - F-47…",,job description boeing innovate collaborate make world better place committed fostering environment every teammate welcoming respectful inclusive great opportunity professional growth find future u boeing company exciting opportunity experienced senior electronic system design analysis engineer current emerging fixed wing fighter program located berkeley mo program include f 47
(Immediate Start) Senior Electronic Systems Design and Analysis Engineer - Mission Computing - Signing Bonus Potential,BOEING,"Saint Louis, Saint Louis County",Engineering Jobs,,2025-10-13T23:41:03Z,167075.53,167075.53,https://www.adzuna.com/land/ad/5446400677?se=aON-Bgaq8BGKO9L2trysZA&utm_medium=api&utm_source=183d4472&v=D7C606A09AB1B83578955C70ADDCDEEBB906DABC,"Job Description At Boeing, we innovate and collaborate to make the world a better place. We're committed to fostering an environment for every teammate that's welcoming, respectful and inclusive, with great opportunity for professional growth. Find your future with us. The Boeing Company has an exciting opportunity for an Experienced/Senior Electronic Systems Design and Analysis Engineer for current and emerging fixed wing fighter programs located in Berkeley, MO. These programs include: - F-47…",,job description boeing innovate collaborate make world better place committed fostering environment every teammate welcoming respectful inclusive great opportunity professional growth find future u boeing company exciting opportunity experienced senior electronic system design analysis engineer current emerging fixed wing fighter program located berkeley mo program include f 47
Lead Mission Systems Crew Systems Engineer,BOEING,"Saint Louis, Saint Louis County",Engineering Jobs,,2025-10-13T08:43:19Z,125048.61,125048.61,https://www.adzuna.com/land/ad/5445615081?se=aON-Bgaq8BGKO9L2trysZA&utm_medium=api&utm_source=183d4472&v=44FB9A2F9AC3D388E1EF883E17C3A9B7705009DD,"Job Description At Boeing, we innovate and collaborate to make the world a better place. We're committed to fostering an environment for every teammate that's welcoming, respectful and inclusive, with great opportunity for professional growth. Find your future with us. Boeing Mission Systems Phantom Works organization has an exciting opportunity for an experience to senior level/ lead Mission Systems Crew Systems Engineer. This position will be part of a proprietary program located in Berkeley,…",,job description boeing innovate collaborate make world better place committed fostering environment every teammate welcoming respectful inclusive great opportunity professional growth find future u boeing mission system phantom work organization exciting opportunity experience senior level lead mission system crew system engineer position part proprietary program located berkeley
"Lead Navigations, Communications, and Data Link Engineer",BOEING,"Saint Louis, Saint Louis County",Engineering Jobs,,2025-10-13T18:46:43Z,130866.85,130866.85,https://www.adzuna.com/land/ad/5446129226?se=aON-Bgaq8BGKO9L2trysZA&utm_medium=api&utm_source=183d4472&v=BC9A72983B64F7253B035A1C2AA1DD3B3FAC5AFF,"Job Description At Boeing, we innovate and collaborate to make the world a better place. We're committed to fostering an environment for every teammate that's welcoming, respectful and inclusive, with great opportunity for professional growth. Find your future with us. Boeing Mission Systems Phantom Works organization has an exciting opportunity for a senior level Communication Navigation Identification (CNI) engineer. This CNI engineering will be part of a proprietary program located in Berkel…",,job description boeing innovate collaborate make world better place committed fostering environment every teammate welcoming respectful inclusive great opportunity professional growth find future u boeing mission system phantom work organization exciting opportunity senior level communication navigation identification cni engineer cni engineering part proprietary program located berkel
"▷ [Only 24h Left] Lead Navigations, Communications, and Data Link Engineer",BOEING,"Saint Louis, Saint Louis County",Engineering Jobs,,2025-10-13T08:43:24Z,132728.06,132728.06,https://www.adzuna.com/land/ad/5445615350?se=aON-Bgaq8BGKO9L2trysZA&utm_medium=api&utm_source=183d4472&v=E3B1D94C0ED7B085A1F08F9BE2192C8DFABF961B,"Job Description At Boeing, we innovate and collaborate to make the world a better place. We're committed to fostering an environment for every teammate that's welcoming, respectful and inclusive, with great opportunity for professional growth. Find your future with us. Boeing Mission Systems Phantom Works organization has an exciting opportunity for a senior level Communication Navigation Identification (CNI) engineer. This CNI engineering will be part of a proprietary program located in Berkel…",,job description boeing innovate collaborate make world better place committed fostering environment every teammate welcoming respectful inclusive great opportunity professional growth find future u boeing mission system phantom work organization exciting opportunity senior level communication navigation identification cni engineer cni engineering part proprietary program located berkel
Lead Mission Systems Crew Systems Engineer,BOEING,"Saint Louis, Saint Louis County",Engineering Jobs,,2025-10-13T18:46:47Z,118139.65,118139.65,https://www.adzuna.com/land/ad/5446129429?se=aON-Bgaq8BGKO9L2trysZA&utm_medium=api&utm_source=183d4472&v=0B2A521D2E3FB94AB3226711117B6EC0F2195977,"Job Description At Boeing, we innovate and collaborate to make the world a better place. We're committed to fostering an environment for every teammate that's welcoming, respectful and inclusive, with great opportunity for professional growth. Find your future with us. Boeing Mission Systems Phantom Works organization has an exciting opportunity for an experience to senior level/ lead Mission Systems Crew SystemsEngineer. This position will be part of a proprietary program located in Berkeley, …",,job description boeing innovate collaborate make world better place committed fostering environment every teammate welcoming respectful inclusive great opportunity professional growth find future u boeing mission system phantom work organization exciting opportunity experience senior level lead mission system crew systemsengineer position part proprietary program located berkeley
Electrophysics Engineer,BOEING,"Saint Louis, Saint Louis County",Engineering Jobs,,2025-10-13T18:46:55Z,114171.75,114171.75,https://www.adzuna.com/land/ad/5446129762?se=aON-Bgaq8BGKO9L2trysZA&utm_medium=api&utm_source=183d4472&v=A728A2CB55550A42843159DB9FB774D82996E959,"Job Description At Boeing, we innovate and collaborate to make the world a better place. We're committed to fostering an environment for every teammate that's welcoming, respectful and inclusive, with great opportunity for professional growth. Find your future with us. The Boeing Defense, Space & Security (BDS) team is seeking a Electronic Warefare Engineer located in Berkeley, MO. Position Responsibilities: - Lead collaboration with Suppliers to develop and enhance advanced electronic warfare …",,job description boeing innovate collaborate make world better place committed fostering environment every teammate welcoming respectful inclusive great opportunity professional growth find future u boeing defense space security bd team seeking electronic warefare engineer located berkeley mo position responsibility lead collaboration supplier develop enhance advanced electronic warfare
Electrophysics Engineer (3 Days Left),BOEING,"Saint Louis, Saint Louis County",Engineering Jobs,,2025-10-13T23:41:04Z,118960.33,118960.33,https://www.adzuna.com/land/ad/5446400681?se=aON-Bgaq8BGKO9L2trysZA&utm_medium=api&utm_source=183d4472&v=E0018B7F08A2F2999DF179D3D3CBAE4B87D64028,"Job Description At Boeing, we innovate and collaborate to make the world a better place. We're committed to fostering an environment for every teammate that's welcoming, respectful and inclusive, with great opportunity for professional growth. Find your future with us. The Boeing Defense, Space & Security (BDS) team is seeking a Electronic Warefare Engineer located in Berkeley, MO. Position Responsibilities: - Lead collaboration with Suppliers to develop and enhance advanced electronic warfare …",,job description boeing innovate collaborate make world better place committed fostering environment every teammate welcoming respectful inclusive great opportunity professional growth find future u boeing defense space security bd team seeking electronic warefare engineer located berkeley mo position responsibility lead collaboration supplier develop enhance advanced electronic warfare
Ground Systems Hardware Architect,BOEING,"Saint Louis, Saint Louis County",Engineering Jobs,,2025-10-13T18:46:55Z,132065.06,132065.06,https://www.adzuna.com/land/ad/5446129764?se=aON-Bgaq8BGKO9L2trysZA&utm_medium=api&utm_source=183d4472&v=595B530D483966C5D15852636675EA0FCD9942D7,"Job Description At Boeing, we innovate and collaborate to make the world a better place. We're committed to fostering an environment for every teammate that's welcoming, respectful and inclusive, with great opportunity for professional growth. Find your future with us. Boeing Defense, Space & Security (BDS) is seeking a highly skilled Senior Level Ground Hardware Architect to support a Phantom Works Fixed Wing Proprietary Program to work in Berkeley, MO. You will be joining a fast-paced program…",,job description boeing innovate collaborate make world better place committed fostering environment every teammate welcoming respectful inclusive great opportunity professional growth find future u boeing defense space security bd seeking highly skilled senior level ground hardware architect support phantom work fixed wing proprietary program work berkeley mo joining fast paced program
EA-18G Senior Systems Engineer,BOEING,"Saint Louis, Saint Louis County",Engineering Jobs,,2025-10-13T18:46:42Z,138926.4,138926.4,https://www.adzuna.com/land/ad/5446129181?se=aON-Bgaq8BGKO9L2trysZA&utm_medium=api&utm_source=183d4472&v=4DD453324C74B34ED2BF13ED16657661B475DF3D,"Job Description At Boeing, we innovate and collaborate to make the world a better place. We're committed to fostering an environment for every teammate that's welcoming, respectful and inclusive, with great opportunity for professional growth. Find your future with us. Boeing Defense, Space & Security (BDS) is seeking motivated and talented SeniorSystems Engineer (Level 5) to join our Fighters team in the St. Louis, Missouri region. As a systems engineer, you will apply an interdisciplinary app…",,job description boeing innovate collaborate make world better place committed fostering environment every teammate welcoming respectful inclusive great opportunity professional growth find future u boeing defense space security bd seeking motivated talented seniorsystems engineer level 5 join fighter team st louis missouri region system engineer apply interdisciplinary app
Experienced Design and Analysis Engineer (Electrical Systems Design),BOEING,"Saint Louis, Saint Louis County",Engineering Jobs,,2025-10-13T23:40:53Z,96229.12,96229.12,https://www.adzuna.com/land/ad/5446400530?se=aON-Bgaq8BGKO9L2trysZA&utm_medium=api&utm_source=183d4472&v=8E17DC7995EFE1971B3C97D3E767A00522B5F933,"Job Description At Boeing, we innovate and collaborate to make the world a better place. We're committed to fostering an environment for every teammate that's welcoming, respectful and inclusive, with great opportunity for professional growth. Find your future with us. The Boeing Defense, Space & Security (BDS) team is seeking an experienced Electronic Systems Design and Analysis Engineer to join our team in Berkeley, MO. You will join the F-15/T-7 electrical team where we will look for you to …",,job description boeing innovate collaborate make world better place committed fostering environment every teammate welcoming respectful inclusive great opportunity professional growth find future u boeing defense space security bd team seeking experienced electronic system design analysis engineer join team berkeley mo join f 15 7 electrical team look
Backend Software Engineer with Security Clearance,Latitude Inc.,"Saint Louis, Saint Louis County",IT Jobs,,2025-10-10T19:03:23Z,150563.48,150563.48,https://www.adzuna.com/land/ad/5441901811?se=aON-Bgaq8BGKO9L2trysZA&utm_medium=api&utm_source=183d4472&v=DEDD9E7236ABCA20F18F4DE8710DD876832C054A,"Responsibilities: This role supports the development of innovative systems for analytics, exploitation, production, and dissemination using web, remote desktop, and cloud technologies. Candidates should have 3 years of Python and C#/Java framework experience, 4 years with unit testing, CI tools, and GitLab, and expertise in cloud/SOA/web services or virtualization. The role also requires the ability to plan and prioritize in Confluence/Jira environments and communicate ideas clearly across dive…",,responsibility role support development innovative system analytics exploitation production dissemination using web remote desktop cloud technology candidate 3 year python c java framework experience 4 year unit testing ci tool gitlab expertise cloud soa web service virtualization role also requires ability plan prioritize confluence jira environment communicate idea clearly across dive
Software Engineer Level 3-5 with Security Clearance,Beacon Hill,"Manchester, Saint Louis County",IT Jobs,,2025-08-01T09:44:03Z,117051.15,117051.15,https://www.adzuna.com/land/ad/5332020490?se=aON-Bgaq8BGKO9L2trysZA&utm_medium=api&utm_source=183d4472&v=2FF258F8066C40D9D9084015BC60A1E13EB0E8F0," Location: Hazelwood/Berkeley, Missouri (100% Onsite)  Must have an active Secret clearance and be eligible for Special Access Clearance  Contract-to-Hire | U.S. Citizenship Required Join a top-tier aerospace and defense company leading innovation in next-generation platforms and secure systems. We are seeking Software Engineers with strong experience in embedded systems, real-time development, and CI/CD pipelines to support mission-critical, high-security programs.  Key Responsibilities: Desig…",,location hazelwood berkeley missouri 100 onsite must active secret clearance eligible special access clearance contract hire u citizenship required join top tier aerospace defense company leading innovation next generation platform secure system seeking software engineer strong experience embedded system real time development ci cd pipeline support mission critical high security program key responsibility desig
SQL Database Administrator,"iBrain Technologies, Inc","Saint Louis, Saint Louis County",IT Jobs,,2025-10-11T03:15:31Z,95214.84,95214.84,https://www.adzuna.com/land/ad/5442468425?se=aON-Bgaq8BGKO9L2trysZA&utm_medium=api&utm_source=183d4472&v=11C9BD82961DA898F01651A3FE77796E809D0EDE,"Job Description SQL DBA Location: St Louis MO Local candidates only The Sr. DBA is responsible for supporting SQL server databases and ensuring their performance, availability, and security within both the production and development environments. PRINCIPAL RESPONSIBILITIES AND DUTIES: 1. Proactively monitors multiple database systems to ensure that available and secure services are provided to IT customers with a minimum of downtime. 2. Responsible for troubleshooting and problem solving of dat…",,job description sql dba location st louis mo local candidate sr dba responsible supporting sql server database ensuring performance availability security within production development environment principal responsibility duty 1 proactively monitor multiple database system ensure available secure service provided customer minimum downtime 2 responsible troubleshooting problem solving dat
DevOps Engineer with Security Clearance,Aqua IT,"Saint Louis, Saint Louis County",IT Jobs,,2025-09-16T13:07:07Z,111972.65,111972.65,https://www.adzuna.com/land/ad/5401542111?se=aON-Bgaq8BGKO9L2trysZA&utm_medium=api&utm_source=183d4472&v=C154B6C5E927A44547EC9965E4F04E32740ED0A8,"Location: St. Louis, MO Chantilly, VA; Alexandria, VA; (50% remote) Clearance: Top Secret (TS/SCI preferred) JOB DESCRIPTION: Aqua IT has an opening for an experienced DevOps Engineer to assist with the development, integration, deployment, and sustainment of mission critical systems. RESPONSIBILITIES: • The primary duties will be to support the deployment of microservices via a DevSecOps pipeline within a Linux-based multi-tenant environment. • Develop, update, and maintain GitLab CI/CD pipeli…",,location st louis mo chantilly va alexandria va 50 remote clearance top secret t sci preferred job description aqua opening experienced devops engineer assist development integration deployment sustainment mission critical system responsibility primary duty support deployment microservices via devsecops pipeline within linux based multi tenant environment develop update maintain gitlab ci cd pipeli
DevOps Network Engineer with Security Clearance,Aqua IT,"Saint Louis, Saint Louis County",IT Jobs,,2025-09-26T08:17:02Z,124661.63,124661.63,https://www.adzuna.com/land/ad/5415033847?se=flGuBwaq8BGjm7zG20OJYA&utm_medium=api&utm_source=183d4472&v=03B2D696B31B423CBFC9E9CABE9EB59E48176709,"Description: We have an opening for a Senior DevOps Engineer with strong networking experience to assist with the development, integration, deployment, and sustainment of mission critical systems. Responsibilities: • The primary duties will be to support the deployment of microservices via a DevSecOps pipeline within a Linux-based multi-tenant environment. • Extensive experience designing, implementing, and securing virtual networks within AWS • Experience implementing VPC network connectivity …",,description opening senior devops engineer strong networking experience assist development integration deployment sustainment mission critical system responsibility primary duty support deployment microservices via devsecops pipeline within linux based multi tenant environment extensive experience designing implementing securing virtual network within aws experience implementing vpc network connectivity
▷ [Urgent Search] EA-18G Senior Systems Engineer,Boeing,"Saint Louis, Saint Louis County",Engineering Jobs,,2025-10-13T08:43:03Z,118876.3,118876.3,https://www.adzuna.com/land/ad/5445614732?se=flGuBwaq8BGjm7zG20OJYA&utm_medium=api&utm_source=183d4472&v=44F994FD885711B01047B1862E5A436C3A92ADA1,"Job Description At Boeing, we innovate and collaborate to make the world a better place. We're committed to fostering an environment for every teammate that's welcoming, respectful and inclusive, with great opportunity for professional growth. Find your future with us. Boeing Defense, Space & Security (BDS) is seeking motivated and talented Senior Systems Engineer (Level 5) to join our Fighters team in the St. Louis, Missouri region. As a systems engineer, you will apply an interdisciplinary ap…",,job description boeing innovate collaborate make world better place committed fostering environment every teammate welcoming respectful inclusive great opportunity professional growth find future u boeing defense space security bd seeking motivated talented senior system engineer level 5 join fighter team st louis missouri region system engineer apply interdisciplinary ap
▷ Apply Now! Senior Systems Engineer,Boeing,"Saint Louis, Saint Louis County",Engineering Jobs,,2025-10-13T08:43:16Z,139984.78,139984.78,https://www.adzuna.com/land/ad/5445614995?se=flGuBwaq8BGjm7zG20OJYA&utm_medium=api&utm_source=183d4472&v=2FEC4125F56F59B44D8F1133C24AFE9C51AF1919,"Job Description At Boeing, we innovate and collaborate to make the world a better place. We're committed to fostering an environment for every teammate that's welcoming, respectful and inclusive, with great opportunity for professional growth. Find your future with us. Boeing Defense, Space & Security (BDS) Air Dominance/ Phantom Works Systems Engineering Integration and Test (SEIT) team is seeking Senior Systems Engineers to support development efforts on a proprietary program in Berkeley, MO.…",,job description boeing innovate collaborate make world better place committed fostering environment every teammate welcoming respectful inclusive great opportunity professional growth find future u boeing defense space security bd air dominance phantom work system engineering integration test seit team seeking senior system engineer support development effort proprietary program berkeley mo
Mid or Senior level Design and Analysis Engineer (Electrical Systems Design),BOEING,"Saint Louis, Saint Louis County",Engineering Jobs,,2025-10-13T08:43:17Z,118547.3,118547.3,https://www.adzuna.com/land/ad/5445615021?se=flGuBwaq8BGjm7zG20OJYA&utm_medium=api&utm_source=183d4472&v=8E9CEABE0DEFFCB8FED4D82FCD3BB92EE22A6213,"Job Description At Boeing, we innovate and collaborate to make the world a better place. We're committed to fostering an environment for every teammate that's welcoming, respectful and inclusive, with great opportunity for professional growth. Find your future with us. The Boeing Defense and Space Air Dominance Team is seeking a Mid (Level 3) to Senior (Level 4) F/A-18 Systems Electrical Design Engineer to design System Wiring Diagrams and on the F/A-18 in support of current production and futu…",,job description boeing innovate collaborate make world better place committed fostering environment every teammate welcoming respectful inclusive great opportunity professional growth find future u boeing defense space air dominance team seeking mid level 3 senior level 4 f 18 system electrical design engineer design system wiring diagram f 18 support current production futu
▷ Urgent Search! Senior Systems Engineer,BOEING,"Saint Louis, Saint Louis County",Engineering Jobs,,2025-10-13T18:46:48Z,125348.9,125348.9,https://www.adzuna.com/land/ad/5446129489?se=flGuBwaq8BGjm7zG20OJYA&utm_medium=api&utm_source=183d4472&v=432DA9DFBD1E668CF98EB301EDC912B2C544861C,"Job Description At Boeing, we innovate and collaborate to make the world a better place. We're committed to fostering an environment for every teammate that's welcoming, respectful and inclusive, with great opportunity for professional growth. Find your future with us. Boeing Defense, Space & Security (BDS) Air Dominance/ Phantom Works Systems Engineering Integration and Test (SEIT) team is seeking Senior Systems Engineers to support development efforts on a proprietary program in Berkeley, MO.…",,job description boeing innovate collaborate make world better place committed fostering environment every teammate welcoming respectful inclusive great opportunity professional growth find future u boeing defense space security bd air dominance phantom work system engineering integration test seit team seeking senior system engineer support development effort proprietary program berkeley mo
Logistics Principal,SAIC,"Wellston, Saint Louis County",IT Jobs,,2025-09-12T18:07:05Z,190814.97,190814.97,https://www.adzuna.com/land/ad/5396768332?se=flGuBwaq8BGjm7zG20OJYA&utm_medium=api&utm_source=183d4472&v=11C925B6B7BF00F3E628BE81B921380FE333E7FA,Description SAIC is seeking a Logistics Deployment Analyst to provide Support in planning and implementing the seamless move of mission and people from our government customer's current location to its new location. This position will be responsible for planning and defining mission dependencies and include contingency strategies. The Deployment team is seeking a person expertly versed in deployment logistics associated with corporate or military relocation efforts and planning. Responsibilitie…,,description saic seeking logistics deployment analyst provide support planning implementing seamless move mission people government customer current location new location position responsible planning defining mission dependency include contingency strategy deployment team seeking person expertly versed deployment logistics associated corporate military relocation effort planning responsibilitie
Integration & Analysis Engineer (Level 4) with Security Clearance,Beacon Hill,"Saint Louis, Saint Louis County",IT Jobs,,2025-08-31T20:59:15Z,156086.88,156086.88,https://www.adzuna.com/land/ad/5376890428?se=flGuBwaq8BGjm7zG20OJYA&utm_medium=api&utm_source=183d4472&v=D356A572B8A9CAB89EB5D9947077B09DB7997680,"We are seeking an experienced Core Processing Integration & Analysis Engineer (Level 4) to support advanced Air Dominance Mission Systems Programs within the defense and aerospace sector. The engineer will provide subject matter expertise in core processor systems integration, with a strong focus on requirements decomposition, Model Based Systems Engineering (MBSE), and mission system interoperability. This role requires the ability to lead integration efforts, partner with customers, and drive…",,seeking experienced core processing integration analysis engineer level 4 support advanced air dominance mission system program within defense aerospace sector engineer provide subject matter expertise core processor system integration strong focus requirement decomposition model based system engineering mbse mission system interoperability role requires ability lead integration effort partner customer drive
RF Electrical Engineer 3 with Security Clearance,Beacon Hill,"Manchester, Saint Louis County",Engineering Jobs,,2025-09-26T08:15:43Z,114939.33,114939.33,https://www.adzuna.com/land/ad/5415024879?se=flGuBwaq8BGjm7zG20OJYA&utm_medium=api&utm_source=183d4472&v=FB5A393182B3E1AD06ED32E0546E4B556F6FC24E,"The position will consist of engineering oversight of complex hardware redesigns, develop/execute design/threat trade studies and work closely with our supplier, program office and aircraft modification partners to meet requirements of the various programs. Position Responsibilities: Collaborate with Suppliers to develop and refine electronic warfare systems, ensuring alignment with requirements and specifications. Assist in the integration of electronic warfare systems into a tactical aircraft…",,position consist engineering oversight complex hardware redesigns develop execute design threat trade study work closely supplier program office aircraft modification partner meet requirement various program position responsibility collaborate supplier develop refine electronic warfare system ensuring alignment requirement specification assist integration electronic warfare system tactical aircraft
Principal IT Architect,The Timberline Group,"Saint Louis, Saint Louis County",IT Jobs,,2024-08-08T09:53:32Z,107339.47,107339.47,https://www.adzuna.com/details/4817023629?utm_medium=api&utm_source=183d4472,"The Software Architect will be an important and influential member of the IT Development Team. This person will need superior expertise gained from extensive experience and industry research of best practices within application design, coding, database and architecture. Position will contribute to a team project predominately focusing on architecture and development. You will work with a team typically in an Agile methodology completing various development and coding initiatives. Reports to: Pr…",,software architect important influential member development team person need superior expertise gained extensive experience industry research best practice within application design coding database architecture position contribute team project predominately focusing architecture development work team typically agile methodology completing various development coding initiative report pr
Geospatial Data Manager (Secret) with Security Clearance,Figure Eight Federal LLC,"Saint Louis, Saint Louis County",IT Jobs,,2025-08-01T09:43:01Z,129834.32,129834.32,https://www.adzuna.com/land/ad/5332015225?se=flGuBwaq8BGjm7zG20OJYA&utm_medium=api&utm_source=183d4472&v=06AF98646BDDEF10115A4C638E0CC4BCDC77E83E,"Figure Eight Federal (F8F): Leading the Future of AI Training Data Figure Eight Federal (F8F) provides accurate and reliable human annotated datasets that fuel AI and machine learning for some of the world's biggest brands. With more than 25 years of industry knowledge, F8F's technology powers many of the AI interactions we experience every day. Our solutions and expertise empower our clients to achieve their AI goals and make a significant impact in their industry. As a Geospatial Data Manager…",,figure eight federal f8f leading future ai training data figure eight federal f8f provides accurate reliable human annotated datasets fuel ai machine learning world biggest brand 25 year industry knowledge f8f technology power many ai interaction experience every day solution expertise empower client achieve ai goal make significant impact industry geospatial data manager
TSCM Practitioner (Level III),Amentum,"Wellston, Saint Louis County",IT Jobs,,2025-06-19T12:39:34Z,165552.4,165552.4,https://www.adzuna.com/land/ad/5258312008?se=flGuBwaq8BGjm7zG20OJYA&utm_medium=api&utm_source=183d4472&v=C36F7523F698D478E3B0C7F223F0F595FA5B99C0,"Amentum is seeking a TSCM Practitioner III to support the National Geospatial-Intelligence Agency (NGA), Office of Counterintelligence (SIC) in Washington, DC and St. Louis, MO. TSCM Practitioner III conducts TSCM, Foreign Visit, Gift Inspection, Digital Counterexploitation, Technical Evaluation activities and other technical operations supporting the NGA TSCM program, TSSC modernization goals, and Office of Counterintelligence Technical CI Division. Maintain familiarization with all governing …",,amentum seeking tscm practitioner iii support national geospatial intelligence agency nga office counterintelligence sic washington dc st louis mo tscm practitioner iii conduct tscm foreign visit gift inspection digital counterexploitation technical evaluation activity technical operation supporting nga tscm program tssc modernization goal office counterintelligence technical ci division maintain familiarization governing
"Design, Analysis and Test Engineer",Boeing,"Saint Louis, Saint Louis County",Engineering Jobs,,2025-10-13T08:43:27Z,119034.32,119034.32,https://www.adzuna.com/land/ad/5445615511?se=flGuBwaq8BGjm7zG20OJYA&utm_medium=api&utm_source=183d4472&v=0E9875629D6DE120C0908DED3CA2AC7F54663F1F,"Job Description At Boeing, we innovate and collaborate to make the world a better place. We're committed to fostering an environment for every teammate that's welcoming, respectful and inclusive, with great opportunity for professional growth. Find your future with us. The Boeing Company has an exciting opportunity for an Electronic Systems Design, Analysis, and Test Engineer for current and emerging programs across the St. Louis region, including Berkeley, MO, Hazelwood, MO, St. Charles, MO, a…",,job description boeing innovate collaborate make world better place committed fostering environment every teammate welcoming respectful inclusive great opportunity professional growth find future u boeing company exciting opportunity electronic system design analysis test engineer current emerging program across st louis region including berkeley mo hazelwood mo st charles mo
Machine Learning Engineer with Security Clearance,SecureVision,"Sauget, Saint Clair County",IT Jobs,,2025-08-01T09:43:35Z,106520.6,106520.6,https://www.adzuna.com/land/ad/5332018092?se=flGuBwaq8BGjm7zG20OJYA&utm_medium=api&utm_source=183d4472&v=9056D0FD556C559318D71E056D2368DD331ABC7A,HOW A MACHINE LEARNING ENGINEER WILL MAKE AN IMPACT Own your opportunity to serve as a critical component of our nation's safety and security. Make an impact by using your expertise to protect our country from threats. Job Description Rapidly prototype containerized multimodal deep learning solutions and associated data pipelines to enable GeoAI capabilities for improving analytic workflows and addressing key intelligence questions. You will be at the cutting edge of implementing State-of-the-A…,,machine learning engineer make impact opportunity serve critical component nation safety security make impact using expertise protect country threat job description rapidly prototype containerized multimodal deep learning solution associated data pipeline enable geoai capability improving analytic workflow addressing key intelligence question cutting edge implementing state
Sr. Ground Systems Hardware Architect 5 with Security Clearance,Beacon Hill,"Saint Louis, Saint Louis County",Engineering Jobs,,2025-08-22T13:35:13Z,141758.66,141758.66,https://www.adzuna.com/land/ad/5363910264?se=flGuBwaq8BGjm7zG20OJYA&utm_medium=api&utm_source=183d4472&v=5C87D3B2C034793C60A01A05B14894806C92B2F5,"Position Overview: We are seeking a highly experienced Senior Ground Systems Hardware Engineer to lead the Ground Segment Hardware Architecture and Design, ensuring that performance, interfaces, and both functional and non-functional requirements are fully met. The selected candidate will play a critical role in developing engineering solutions and practices for key Ground System capabilities, including: Edge Compute Command and Control Network and Communication Systems Mission Planning Situati…",,position overview seeking highly experienced senior ground system hardware engineer lead ground segment hardware architecture design ensuring performance interface functional non functional requirement fully met selected candidate play critical role developing engineering solution practice key ground system capability including edge compute command control network communication system mission planning situati
Patent Prosecution Associate Attorney - St. Louis,Direct Counsel,"Saint Louis, Saint Louis County",Engineering Jobs,,2025-10-02T23:37:25Z,145662.78,145662.78,https://www.adzuna.com/details/5428570778?utm_medium=api&utm_source=183d4472,"Job Description Job Description Direct Counsel is representing an Am Law 100 firm seeking a Mid-Level Associate to join its Electrical Engineering and Computer Science Patent Prosecution Practice Group. This position offers flexibility across firm locations, with strong preference for candidates based in Atlanta, Denver, Houston, St. Louis, Kansas City, Los Angeles, or San Francisco. Position Overview This is a premier opportunity for a technically driven patent prosecution attorney with a back…",,job description job description direct counsel representing law 100 firm seeking mid level associate join electrical engineering computer science patent prosecution practice group position offer flexibility across firm location strong preference candidate based atlanta denver houston st louis kansa city los angeles san francisco position overview premier opportunity technically driven patent prosecution attorney back
Junior Engineer,Evtron,"Saint Louis, Saint Louis County",IT Jobs,,2024-08-01T11:10:18Z,73020.8,73020.8,https://www.adzuna.com/details/4805418325?utm_medium=api&utm_source=183d4472,"There are six engineering positions available. All positions are entry-level. Those who have experience related to a position but are of a different major are still encouraged to apply.  COMPUTER ENGINEERING (I) Expander board design [Musts] C Unix, Linux Embedded systems knowledge  ELECTRICAL ENGINEERING (I) Firmware & Circuit Design [Musts] High speed digital knowledge  COMPUTER SCIENCE (I) Let’s build a custom enterprise resource planning (ERP) system. [Musts] Python  COMPUTER SCIENCE (II) N…",,six engineering position available position entry level experience related position different major still encouraged apply computer engineering expander board design must c unix linux embedded system knowledge electrical engineering firmware circuit design must high speed digital knowledge computer science let build custom enterprise resource planning erp system must python computer science ii n
.Net - Angular/C# Developer (Senior and Mid-Level),The Timberline Group,"Saint Louis, Saint Louis County",IT Jobs,full_time,2024-08-05T10:46:45Z,62449.13,62449.13,https://www.adzuna.com/details/4811157997?utm_medium=api&utm_source=183d4472,"O ur .NET Developers work with a team of talented individuals who share a strong passion for their work. The primary role of this experienced individual will be to develop software solutions through the conception, development, testing and implementation phases. This full-time position will challenge you to find creative ways to solve problems, explore new technologies, and everyone is expected to contribute at every level of the development process regardless of their position. What are we loo…",,ur net developer work team talented individual share strong passion work primary role experienced individual develop software solution conception development testing implementation phase full time position challenge find creative way solve problem explore new technology everyone expected contribute every level development process regardless position loo
Senior Software Developer,The Timberline Group,"Saint Louis, Saint Louis County",IT Jobs,,2024-08-01T05:21:31Z,70919.73,70919.73,https://www.adzuna.com/details/4804525890?utm_medium=api&utm_source=183d4472,Senior Software Developer(s) to design custom software solutions based on client requirements. This position will have a lead role in the development and enhancements of a large data management system. This will be an ongoing effort to replace and support the data management system as needs change by utilizing written Visual Basic with Java services and an Angular user interface. Individuals will apply advanced theoretical knowledge of computer science principles and concepts to perform the dut…,,senior software developer design custom software solution based client requirement position lead role development enhancement large data management system ongoing effort replace support data management system need change utilizing written visual basic java service angular user interface individual apply advanced theoretical knowledge computer science principle concept perform dut
Delivery Engineer (Secret) with Security Clearance,Figure Eight Federal LLC,"Saint Louis, Saint Louis County",IT Jobs,,2025-08-01T09:44:07Z,160087.02,160087.02,https://www.adzuna.com/land/ad/5332020753?se=flGuBwaq8BGjm7zG20OJYA&utm_medium=api&utm_source=183d4472&v=1DD854F73AF26DB7E0081AA0330E0B33556F9FA5,"Figure Eight Federal (F8F): Leading the Future of AI Training Data Figure Eight Federal (F8F) provides accurate and reliable human annotated datasets that fuel AI and machine learning for some of the world's biggest brands. With more than 25 years of industry knowledge, F8F's technology powers many of the AI interactions we experience every day. Our solutions and expertise empower our clients to achieve their AI goals and make a significant impact in their industry. As the Delivery Engineer, yo…",,figure eight federal f8f leading future ai training data figure eight federal f8f provides accurate reliable human annotated datasets fuel ai machine learning world biggest brand 25 year industry knowledge f8f technology power many ai interaction experience every day solution expertise empower client achieve ai goal make significant impact industry delivery engineer yo
Principal Software Engineer with Security Clearance,Momentum,"Saint Louis, Saint Louis County",IT Jobs,,2025-10-14T16:19:30Z,207659.34,207659.34,https://www.adzuna.com/land/ad/5447523462?se=flGuBwaq8BGjm7zG20OJYA&utm_medium=api&utm_source=183d4472&v=587BD60142B112818725386A0A805C80DADC0DF9,"Welcome to the MOMENTUM. Team! MOMENTUM. is not just our company name; it is the highest value we deliver to our customers. We are a rapidly growing technology solutions company delivering innovative technology, engineering, and intelligence solutions across the DoD sector. The efforts of our high-capacity team ultimately strengthen our Nation and the warfighter. Our team is dispersed throughout the US, which means we value the diversity and unique collaboration fostered throughout our team. We…",,welcome momentum team momentum company name highest value deliver customer rapidly growing technology solution company delivering innovative technology engineering intelligence solution across dod sector effort high capacity team ultimately strengthen nation warfighter team dispersed throughout u mean value diversity unique collaboration fostered throughout team
Senior Software Engineer with Security Clearance,Momentum,"Saint Louis, Saint Louis County",IT Jobs,,2025-10-11T23:33:59Z,204057.33,204057.33,https://www.adzuna.com/land/ad/5443805658?se=lrjxCAaq8BGKO9L2trysZA&utm_medium=api&utm_source=183d4472&v=2ECD316914EFC446CBC0E24045EC079947C9B321,"Welcome to the MOMENTUM. Team! MOMENTUM. is not just our company name; it is the highest value we deliver to our customers. We are a rapidly growing technology solutions company delivering innovative technology, engineering, and intelligence solutions across the DoD sector. The efforts of our high-capacity team ultimately strengthen our Nation and the warfighter. Our team is dispersed throughout the US, which means we value the diversity and unique collaboration fostered throughout our team. We…",,welcome momentum team momentum company name highest value deliver customer rapidly growing technology solution company delivering innovative technology engineering intelligence solution across dod sector effort high capacity team ultimately strengthen nation warfighter team dispersed throughout u mean value diversity unique collaboration fostered throughout team
Program Management Support – Lifecycle Acquisition with Security Clearance,Red Gate Group,"Saint Louis, Saint Louis County",IT Jobs,,2025-10-10T15:02:07Z,152473.45,152473.45,https://www.adzuna.com/land/ad/5441577456?se=lrjxCAaq8BGKO9L2trysZA&utm_medium=api&utm_source=183d4472&v=293CE4791DED0B20AED70577A94B3171FAB9F602,"The Red Gate Group is seeking a Program Management Support – Lifecycle Acquisition Specialist to support the National Geospatial-Intelligence Agency (NGA) in St. Louis, MO. In this role, you’ll play a critical part in advancing NGA’s mission by providing expert guidance and hands-on program management across the full acquisition lifecycle. From developing acquisition strategies and managing complex procurements to supporting testing, risk management, and stakeholder engagement, you’ll serve as …",,red gate group seeking program management support lifecycle acquisition specialist support national geospatial intelligence agency nga st louis mo role play critical part advancing nga mission providing expert guidance hand program management across full acquisition lifecycle developing acquisition strategy managing complex procurement supporting testing risk management stakeholder engagement serve
Advanced AI Platform Product Manager,Accenture,"Wellston, Saint Louis County",Engineering Jobs,,2025-08-06T17:10:30Z,237918.73,237918.73,https://www.adzuna.com/land/ad/5340797527?se=lrjxCAaq8BGKO9L2trysZA&utm_medium=api&utm_source=183d4472&v=3FC3A4E274927D0E988E5C0EDBF3D30C67C3370A,"We Are:? The beginning of a new Data & AI decade that will reshape work and society has begun. Accenture is stepping boldly into this future with a clear strategy and purpose: to help clients optimize and reinvent their business with data & AI. With over 45,000 professionals dedicated to Data & AI, Accenture's Data & AI organization brings together our Experienced Innovation, Strategic Investment, Exceptional Talent, and Power Ecosystem.? You Are:? The product manager role is essential in guidi…",,beginning new data ai decade reshape work society begun accenture stepping boldly future clear strategy purpose help client optimize reinvent business data ai 45 000 professional dedicated data ai accenture data ai organization brings together experienced innovation strategic investment exceptional talent power ecosystem product manager role essential guidi
(Only 24h Left) Experienced Low Observables Design and Integration Engineer,Boeing,"Saint Louis, Saint Louis County",Engineering Jobs,,2025-10-13T08:43:12Z,124892.48,124892.48,https://www.adzuna.com/land/ad/5445614902?se=lrjxCAaq8BGKO9L2trysZA&utm_medium=api&utm_source=183d4472&v=40030B36A17D891A110CF7510CE78D6AF0ABC838,"Job Description At Boeing, we innovate and collaborate to make the world a better place. We're committed to fostering an environment for every teammate that's welcoming, respectful and inclusive, with great opportunity for professional growth. Find your future with us. The Boeing Defense, Space & Security (BDS) - Phantom Works organization is seeking a highly skilled and motivated Experienced Low Observables Design & Integration Engineer to join our team in St. Louis, Missouri. The ideal candid…",,job description boeing innovate collaborate make world better place committed fostering environment every teammate welcoming respectful inclusive great opportunity professional growth find future u boeing defense space security bd phantom work organization seeking highly skilled motivated experienced low observables design integration engineer join team st louis missouri ideal candid
Experienced Low Observables Design and Integration Engineer,BOEING,"Saint Louis, Saint Louis County",Engineering Jobs,,2025-10-13T23:40:53Z,127705.06,127705.06,https://www.adzuna.com/land/ad/5446400525?se=lrjxCAaq8BGKO9L2trysZA&utm_medium=api&utm_source=183d4472&v=8B06567AB7EEE439842A9069E5A594ECC5BDE2E7,"Job Description At Boeing, we innovate and collaborate to make the world a better place. We're committed to fostering an environment for every teammate that's welcoming, respectful and inclusive, with great opportunity for professional growth. Find your future with us. The Boeing Defense, Space & Security (BDS) - Phantom Works organization is seeking a highly skilled and motivated Experienced Low Observables Design & Integration Engineer to join our team in St. Louis, Missouri. The ideal candid…",,job description boeing innovate collaborate make world better place committed fostering environment every teammate welcoming respectful inclusive great opportunity professional growth find future u boeing defense space security bd phantom work organization seeking highly skilled motivated experienced low observables design integration engineer join team st louis missouri ideal candid
Support Engineer,Insight Global,"Wellston, Saint Louis County",IT Jobs,,2025-08-21T17:35:46Z,56689.75,56689.75,https://www.adzuna.com/land/ad/5362779334?se=lrjxCAaq8BGKO9L2trysZA&utm_medium=api&utm_source=183d4472&v=598B6B6824F69B648E49EA27036C9B5FFF3D7332,"Job Description Insight Global is seeking a Support Engineer to sit in St. Louis, MO for one of their clients. The Support Engineer provides front-line technical support to ensure smooth computer operations for end users. Each day begins with reviewing and responding to incoming help requests. The engineer troubleshoots hardware and software issues using remote tools or in-person support when needed. They document all support interactions and escalate complex issues to the appropriate technicia…",,job description insight global seeking support engineer sit st louis mo one client support engineer provides front line technical support ensure smooth computer operation end user day begin reviewing responding incoming help request engineer troubleshoots hardware software issue using remote tool person support needed document support interaction escalate complex issue appropriate technicia
Lead Avionics Hardware Engineer - Fighters Mission Systems,BOEING,"Saint Louis, Saint Louis County",Engineering Jobs,,2025-10-15T11:16:04Z,112885.84,112885.84,https://www.adzuna.com/land/ad/5448705835?se=lrjxCAaq8BGKO9L2trysZA&utm_medium=api&utm_source=183d4472&v=903D472C250325EB1F3D3FF1230637C67F7A6823,"Job Description At Boeing, we innovate and collaborate to make the world a better place. We're committed to fostering an environment for every teammate that's welcoming, respectful and inclusive, with great opportunity for professional growth. Find your future with us. The Boeing Defense, Space & Security (BDS) team is seeking a Lead Avionics Hardware Engineer - Fighters mission Systems located in Berkeley, MO. Job Description Summary - Leads work with customers to develop and document complex …",,job description boeing innovate collaborate make world better place committed fostering environment every teammate welcoming respectful inclusive great opportunity professional growth find future u boeing defense space security bd team seeking lead avionics hardware engineer fighter mission system located berkeley mo job description summary lead work customer develop document complex
Advanced AI Software Engineer Associate Director,Accenture,"Wellston, Saint Louis County",Engineering Jobs,,2025-07-22T17:04:57Z,182238.14,182238.14,https://www.adzuna.com/land/ad/5317120897?se=lrjxCAaq8BGKO9L2trysZA&utm_medium=api&utm_source=183d4472&v=2602CA37904428AA93BB9FCEA8359E385C9F05FD,"We Are: The beginning of a new Data & AI decade that will reshape work and society has begun. Accenture is stepping boldly into this future with a clear strategy and purpose: to help clients optimize and reinvent their business with data & AI. With over 45,000 professionals dedicated to Data & AI, Accenture's Data & AI organization brings together our Experienced Innovation, Strategic Investment, Exceptional Talent, and Power Ecosystem. You Are : As a Senior Advance AI Software Engineer, you wi…",,beginning new data ai decade reshape work society begun accenture stepping boldly future clear strategy purpose help client optimize reinvent business data ai 45 000 professional dedicated data ai accenture data ai organization brings together experienced innovation strategic investment exceptional talent power ecosystem senior advance ai software engineer wi
Senior Advanced AI Software Engineer,Accenture,"Wellston, Saint Louis County",Engineering Jobs,,2025-09-09T18:04:29Z,205883.64,205883.64,https://www.adzuna.com/land/ad/5391519780?se=lrjxCAaq8BGKO9L2trysZA&utm_medium=api&utm_source=183d4472&v=85CA544D4C3A49EE1888341BA3583F0AF6368C05,"We Are: The beginning of a new Data & AI decade that will reshape work and society has begun. Accenture is stepping boldly into this future with a clear strategy and purpose: to help clients optimize and reinvent their business with data & AI. With over 45,000 professionals dedicated to Data & AI, Accenture's Data & AI organization brings together our Experienced Innovation, Strategic Investment, Exceptional Talent, and Power Ecosystem. Join our AI Talent Community (http://accenture.wd103.mywor…",,beginning new data ai decade reshape work society begun accenture stepping boldly future clear strategy purpose help client optimize reinvent business data ai 45 000 professional dedicated data ai accenture data ai organization brings together experienced innovation strategic investment exceptional talent power ecosystem join ai talent community
Advanced AI Software Engineer,Accenture,"Wellston, Saint Louis County",Engineering Jobs,,2025-09-09T18:04:29Z,220327.8,220327.8,https://www.adzuna.com/land/ad/5391519698?se=lrjxCAaq8BGKO9L2trysZA&utm_medium=api&utm_source=183d4472&v=ED643EC382B11B4C83637C11BB79A570CFD54B6B,"We Are: The beginning of a new Data & AI decade that will reshape work and society has begun. Accenture is stepping boldly into this future with a clear strategy and purpose: to help clients optimize and reinvent their business with data & AI. With over 45,000 professionals dedicated to Data & AI, Accenture's Data & AI organization brings together our Experienced Innovation, Strategic Investment, Exceptional Talent, and Power Ecosystem. Join our AI Talent Community (http://accenture.wd103.mywor…",,beginning new data ai decade reshape work society begun accenture stepping boldly future clear strategy purpose help client optimize reinvent business data ai 45 000 professional dedicated data ai accenture data ai organization brings together experienced innovation strategic investment exceptional talent power ecosystem join ai talent community
DevSecOps Engineers with Security Clearance,Momentum,"Saint Louis, Saint Louis County",IT Jobs,,2025-10-11T23:33:47Z,181773.64,181773.64,https://www.adzuna.com/land/ad/5443805067?se=lrjxCAaq8BGKO9L2trysZA&utm_medium=api&utm_source=183d4472&v=013BD9FBFD7718413331C55F72559EA58BC583B6,"Welcome to the MOMENTUM. Team! MOMENTUM. is not just our company name; it is the highest value we deliver to our customers. We are a rapidly growing technology solutions company delivering innovative technology, engineering, and intelligence solutions across the DoD sector. The efforts of our high-capacity team ultimately strengthen our Nation and the warfighter. Our team is dispersed throughout the US, which means we value the diversity and unique collaboration fostered throughout our team. We…",,welcome momentum team momentum company name highest value deliver customer rapidly growing technology solution company delivering innovative technology engineering intelligence solution across dod sector effort high capacity team ultimately strengthen nation warfighter team dispersed throughout u mean value diversity unique collaboration fostered throughout team
Urgent Search! Low Observables Mission Systems Integration Lead,Boeing,"Saint Louis, Saint Louis County",Engineering Jobs,,2025-10-13T08:43:18Z,113705.7,113705.7,https://www.adzuna.com/land/ad/5445615051?se=lrjxCAaq8BGKO9L2trysZA&utm_medium=api&utm_source=183d4472&v=45F2E803A462E9B38F6AC3696C826E922AB0CA0D,"Job Description At Boeing, we innovate and collaborate to make the world a better place. We're committed to fostering an environment for every teammate that's welcoming, respectful and inclusive, with great opportunity for professional growth. Find your future with us. The Boeing Defense, Space & Security (BDS) - Phantom Works organization is seeking a highly skilled and experienced Senior Low Observables Mission Systems Integration Engineer to lead a team of engineers in support of the design …",,job description boeing innovate collaborate make world better place committed fostering environment every teammate welcoming respectful inclusive great opportunity professional growth find future u boeing defense space security bd phantom work organization seeking highly skilled experienced senior low observables mission system integration engineer lead team engineer support design
F/A-18 IDIQ Chief Integrator,BOEING,"Saint Louis, Saint Louis County",Engineering Jobs,,2025-10-14T09:40:57Z,136486.55,136486.55,https://www.adzuna.com/land/ad/5447177389?se=lrjxCAaq8BGKO9L2trysZA&utm_medium=api&utm_source=183d4472&v=7DF09825DE56F55C706CF0ACAE49045E204511CD,"Job Description At Boeing, we innovate and collaborate to make the world a better place. We're committed to fostering an environment for every teammate that's welcoming, respectful and inclusive, with great opportunity for professional growth. Find your future with us. The Boeing Defense, Space & Security (BDS) F/A-18 team is seeking a IDIQ Chief Integrator in St. Louis, MO . The F/A-18 IDIQ Chief Integrator is responsible for ensuring the capabilities and initiatives developed for the F/A-18 a…",,job description boeing innovate collaborate make world better place committed fostering environment every teammate welcoming respectful inclusive great opportunity professional growth find future u boeing defense space security bd f 18 team seeking idiq chief integrator st louis mo f 18 idiq chief integrator responsible ensuring capability initiative developed f 18
Low Observables Mission Systems Integration Lead,BOEING,"Saint Louis, Saint Louis County",Engineering Jobs,,2025-10-13T18:46:40Z,123368.36,123368.36,https://www.adzuna.com/land/ad/5446129095?se=lrjxCAaq8BGKO9L2trysZA&utm_medium=api&utm_source=183d4472&v=A3116E1820A5AEF9DCF79C773A7C2D1F99F6C74B,"Job Description At Boeing, we innovate and collaborate to make the world a better place. We're committed to fostering an environment for every teammate that's welcoming, respectful and inclusive, with great opportunity for professional growth. Find your future with us. The Boeing Defense, Space & Security (BDS) - Phantom Works organization is seeking a highly skilled and experienced Senior Low Observables Mission Systems Integration Engineer to lead a team of engineers in support of the design …",,job description boeing innovate collaborate make world better place committed fostering environment every teammate welcoming respectful inclusive great opportunity professional growth find future u boeing defense space security bd phantom work organization seeking highly skilled experienced senior low observables mission system integration engineer lead team engineer support design
▷ High Salary! F/A-18 IDIQ Chief Integrator,BOEING,"Saint Louis, Saint Louis County",Engineering Jobs,,2025-10-13T23:40:57Z,123259.93,123259.93,https://www.adzuna.com/land/ad/5446400575?se=lrjxCAaq8BGKO9L2trysZA&utm_medium=api&utm_source=183d4472&v=2D0D40E55CAAD1852497BF7C1AC125DF0C68C545,"Job Description At Boeing, we innovate and collaborate to make the world a better place. We're committed to fostering an environment for every teammate that's welcoming, respectful and inclusive, with great opportunity for professional growth. Find your future with us. The Boeing Defense, Space & Security (BDS) F/A-18 team is seeking a IDIQ Chief Integrator in St. Louis, MO . The F/A-18 IDIQ Chief Integrator is responsible for ensuring the capabilities and initiatives developed for the F/A-18 a…",,job description boeing innovate collaborate make world better place committed fostering environment every teammate welcoming respectful inclusive great opportunity professional growth find future u boeing defense space security bd f 18 team seeking idiq chief integrator st louis mo f 18 idiq chief integrator responsible ensuring capability initiative developed f 18
Experienced Low Observables Mission Systems Integration Engineer,BOEING,"Saint Louis, Saint Louis County",Engineering Jobs,,2025-10-13T08:43:23Z,120794.86,120794.86,https://www.adzuna.com/land/ad/5445615304?se=lrjxCAaq8BGKO9L2trysZA&utm_medium=api&utm_source=183d4472&v=1A574DD68D88B3DD0CEEAD8E52F14F335B53C429,"Job Description At Boeing, we innovate and collaborate to make the world a better place. We're committed to fostering an environment for every teammate that's welcoming, respectful and inclusive, with great opportunity for professional growth. Find your future with us. The Boeing Defense, Space & Security (BDS) - Phantom Works organization is seeking a highly skilled and experienced Low Observables Mission Systems Integration Engineer to support an integrated product team in the design and inte…",,job description boeing innovate collaborate make world better place committed fostering environment every teammate welcoming respectful inclusive great opportunity professional growth find future u boeing defense space security bd phantom work organization seeking highly skilled experienced low observables mission system integration engineer support integrated product team design inte
C# .NET Developer - Mid to Senior/Level,The Timberline Group,"Saint Louis, Saint Louis County",IT Jobs,full_time,2024-08-04T06:06:01Z,60195.11,60195.11,https://www.adzuna.com/details/4809972306?utm_medium=api&utm_source=183d4472,".NET Developers work with a team of talented individuals who share a strong passion for their work. The primary role of this experienced individual will be to develop software solutions through the conception, development, testing and implementation phases. This full-time position will challenge you to find creative ways to solve problems, explore new technologies, and everyone is expected to contribute at every level of the development process regardless of their position. What are we looking …",,net developer work team talented individual share strong passion work primary role experienced individual develop software solution conception development testing implementation phase full time position challenge find creative way solve problem explore new technology everyone expected contribute every level development process regardless position looking
Information Systems Security Developer,Calibre Systems,"Saint Louis, Saint Louis County",IT Jobs,,2025-10-15T09:28:45Z,112070.19,112070.19,https://www.adzuna.com/land/ad/5448626894?se=lrjxCAaq8BGKO9L2trysZA&utm_medium=api&utm_source=183d4472&v=6AB2D72A34E9CCE1AF005BD54070C99BDFC5607C,"CALIBRE is an employee-owned mission focused solutions and digital transformation company. We are currently seeking a Information System Security Developer (Mid-level) that will design, develop, test, and evaluate information system security throughout the systems development life cycle. Position will be on site in St. Louis, MO. The Information System Security Developer’s responsibilities include, but are not limited to, the following: Analyze design constraints, analyze trade-offs and detaile…",,calibre employee owned mission focused solution digital transformation company currently seeking information system security developer mid level design develop test evaluate information system security throughout system development life cycle position site st louis mo information system security developer responsibility include limited following analyze design constraint analyze trade offs detaile
Senior Hadoop Developer,The Timberline Group,"Saint Louis, Saint Louis County",IT Jobs,,2024-08-08T09:33:21Z,85583.22,85583.22,https://www.adzuna.com/details/4816780814?utm_medium=api&utm_source=183d4472,"Senior Hadoop Developer to develop, create, and modify general computer applications software or specialized utility programs. Job responsibilities and duties include: Implement data analytics processing algorithms on Big Data batch and stream processing frameworks (e.g. Hadoop MapReduce, Python, Spark, Scala, Kafka etc.). Perform data acquisition, preparation, and perform analysis leveraging a variety of data programming techniques in Spark using Scala. Work on complex issues where analysis of…",,senior hadoop developer develop create modify general computer application software specialized utility program job responsibility duty include implement data analytics processing algorithm big data batch stream processing framework e g hadoop mapreduce python spark scala kafka etc perform data acquisition preparation perform analysis leveraging variety data programming technique spark using scala work complex issue analysis
Sr. Java Backend Developer(f2f interview),Axiom Software Solutions Limited,"Saint Louis, Saint Louis County",IT Jobs,,2025-08-08T11:10:01Z,123887.24,123887.24,https://www.adzuna.com/details/5343826462?utm_medium=api&utm_source=183d4472,"Role: Sr. Java Backend Developer(f2f interview) Location: St. Louis MO - Onsite Position Type: Contract An in-person (face to face) interview will be required at office in St. Louis, MO. Job Description: • Bachelor’s degree in computer science, Information Technology • Minimum of 7 years of experience in developing backend application • Roles And Responsibilities: • Developing high quality, scalable solutions • Working collaboratively with product owners, business analysts, quality assurance an…",,role sr java backend developer f2f interview location st louis mo onsite position type contract person face face interview required office st louis mo job description bachelor degree computer science information technology minimum 7 year experience developing backend application role responsibility developing high quality scalable solution working collaboratively product owner business analyst quality assurance
