Title,Company,Location,Category,ContractTime,Created,SalaryMin,SalaryMax,RedirectURL,FullDescription,Requirements,job_text_clean
Computer Science Teacher,GATEWAY SCIENCE ACADEMY OF SAINT LOUIS,"Saint Louis, Saint Louis County",IT Jobs,full_time,2025-10-03T17:01:13Z,62828.16,62828.16,https://www.adzuna.com/details/5430186506?utm_medium=api&utm_source=183d4472,"Bachelor's degree in computer education, computer science and technology, or computer engineering, and 24 months of full-time experience in the job or as an ICT teacher are required. M-F, 40 hrs./wk. Mail resumes to Mustafa Icel, Gateway Science Academy of St Louis, 5049 Fyler Avenue, St. Louis, MO 63139.",,bachelor degree computer education computer science technology computer engineering 24 month full time experience job ict teacher required f 40 hr wk mail resume mustafa icel gateway science academy st louis 5049 fyler avenue st louis mo 63139
Computer Science Patent Junior Attorney (Hybrid),Avant Tech,"Saint Louis, Saint Louis County",IT Jobs,full_time,2025-10-14T12:00:25Z,240000.0,365000.0,https://www.adzuna.com/details/5447295950?utm_medium=api&utm_source=183d4472,"Avant Tech is looking for a talented Computer Science Patent Associate Attorney to join our thriving technology law practice. The successful candidate will provide sophisticated legal counsel to clients in the software, hardware, and data science sectors, focusing on patent prosecution and intellectual property strategy. This role will involve working with leading tech companies to protect innovations and navigate complex patent issues. Key Responsibilities: Prepare, file, and prosecute patent …",,avant tech looking talented computer science patent associate attorney join thriving technology law practice successful candidate provide sophisticated legal counsel client software hardware data science sector focusing patent prosecution intellectual property strategy role involve working leading tech company protect innovation navigate complex patent issue key responsibility prepare file prosecute patent
SAP Security Manager,Anheuser-Busch,"Signal Hill, Saint Clair County",IT Jobs,,2025-10-04T02:34:34Z,114425.4,114425.4,https://www.adzuna.com/land/ad/5430876117?se=anzX65Wq8BGglN2HEt9uZw&utm_medium=api&utm_source=183d4472&v=0EFC9DC494972A0217E52ED2167D3C8461A8A584,"Dreaming big is in our DNA. It’s who we are as a company. It’s our culture. It’s our heritage. And more than ever, it’s our future. A future where we’re always looking forward. Always serving up new ways to meet life’s moments. A future where we keep dreaming bigger. We look for people with passion, talent, and curiosity, and provide them with the teammates, resources and opportunities to unleash their full potential. The power we create together – when we combine your strengths with ours – is …",,dreaming big dna company culture heritage ever future future always looking forward always serving new way meet life moment future keep dreaming bigger look people passion talent curiosity provide teammate resource opportunity unleash full potential power create together combine strength
SAP Security Manager,Anheuser-Busch,"Moline Acres, Saint Louis County",IT Jobs,,2025-10-03T15:08:42Z,140498.48,140498.48,https://www.adzuna.com/land/ad/5430043367?se=anzX65Wq8BGglN2HEt9uZw&utm_medium=api&utm_source=183d4472&v=D6188D5274F6F97BDFFDC8E5CC3B7CF9395669CA,"Dreaming big is in our DNA. It’s who we are as a company. It’s our culture. It’s our heritage. And more than ever, it’s our future. A future where we’re always looking forward. Always serving up new ways to meet life’s moments. A future where we keep dreaming bigger. We look for people with passion, talent, and curiosity, and provide them with the teammates, resources and opportunities to unleash their full potential. The power we create together – when we combine your strengths with ours – is …",,dreaming big dna company culture heritage ever future future always looking forward always serving new way meet life moment future keep dreaming bigger look people passion talent curiosity provide teammate resource opportunity unleash full potential power create together combine strength
SAP Security Manager,Anheuser-Busch,"East Carondelet, Saint Clair County",IT Jobs,,2025-10-03T15:07:15Z,111975.43,111975.43,https://www.adzuna.com/land/ad/5430028474?se=anzX65Wq8BGglN2HEt9uZw&utm_medium=api&utm_source=183d4472&v=334E5E0755BBD7F4EA755DD90F8B8FA1B38B26FE,"Dreaming big is in our DNA. It’s who we are as a company. It’s our culture. It’s our heritage. And more than ever, it’s our future. A future where we’re always looking forward. Always serving up new ways to meet life’s moments. A future where we keep dreaming bigger. We look for people with passion, talent, and curiosity, and provide them with the teammates, resources and opportunities to unleash their full potential. The power we create together – when we combine your strengths with ours – is …",,dreaming big dna company culture heritage ever future future always looking forward always serving new way meet life moment future keep dreaming bigger look people passion talent curiosity provide teammate resource opportunity unleash full potential power create together combine strength
SAP Security Manager,Anheuser-Busch,"Riverview, Saint Louis County",IT Jobs,,2025-10-04T02:35:58Z,114903.93,114903.93,https://www.adzuna.com/land/ad/5430879745?se=anzX65Wq8BGglN2HEt9uZw&utm_medium=api&utm_source=183d4472&v=66DDE8A4E1768FABBAFD9A9E8609239782009AB3,"Dreaming big is in our DNA. It’s who we are as a company. It’s our culture. It’s our heritage. And more than ever, it’s our future. A future where we’re always looking forward. Always serving up new ways to meet life’s moments. A future where we keep dreaming bigger. We look for people with passion, talent, and curiosity, and provide them with the teammates, resources and opportunities to unleash their full potential. The power we create together – when we combine your strengths with ours – is …",,dreaming big dna company culture heritage ever future future always looking forward always serving new way meet life moment future keep dreaming bigger look people passion talent curiosity provide teammate resource opportunity unleash full potential power create together combine strength
SAP Security Manager,Anheuser-Busch,"National Stock Yards, Saint Clair County",IT Jobs,,2025-10-03T15:07:16Z,116590.36,116590.36,https://www.adzuna.com/land/ad/5430028822?se=anzX65Wq8BGglN2HEt9uZw&utm_medium=api&utm_source=183d4472&v=A65DEECB9CD75026138C026C0EE424578A4E8408,"Dreaming big is in our DNA. It’s who we are as a company. It’s our culture. It’s our heritage. And more than ever, it’s our future. A future where we’re always looking forward. Always serving up new ways to meet life’s moments. A future where we keep dreaming bigger. We look for people with passion, talent, and curiosity, and provide them with the teammates, resources and opportunities to unleash their full potential. The power we create together – when we combine your strengths with ours – is …",,dreaming big dna company culture heritage ever future future always looking forward always serving new way meet life moment future keep dreaming bigger look people passion talent curiosity provide teammate resource opportunity unleash full potential power create together combine strength
SAP Security Manager,Anheuser-Busch,"East Saint Louis, Saint Clair County",IT Jobs,,2025-10-04T02:34:27Z,117614.21,117614.21,https://www.adzuna.com/land/ad/5430875492?se=anzX65Wq8BGglN2HEt9uZw&utm_medium=api&utm_source=183d4472&v=04BB172E0978302C36E8B0A7E42F30578C23863F,"Dreaming big is in our DNA. It’s who we are as a company. It’s our culture. It’s our heritage. And more than ever, it’s our future. A future where we’re always looking forward. Always serving up new ways to meet life’s moments. A future where we keep dreaming bigger. We look for people with passion, talent, and curiosity, and provide them with the teammates, resources and opportunities to unleash their full potential. The power we create together – when we combine your strengths with ours – is …",,dreaming big dna company culture heritage ever future future always looking forward always serving new way meet life moment future keep dreaming bigger look people passion talent curiosity provide teammate resource opportunity unleash full potential power create together combine strength
SAP Security Manager,Anheuser-Busch,"Wilbur Park, Saint Louis County",IT Jobs,,2025-10-03T15:08:42Z,119870.37,119870.37,https://www.adzuna.com/land/ad/5430043558?se=anzX65Wq8BGglN2HEt9uZw&utm_medium=api&utm_source=183d4472&v=55B21BA057B24DF7E640FE54AE70B44DAE2FC5CA,"Dreaming big is in our DNA. It’s who we are as a company. It’s our culture. It’s our heritage. And more than ever, it’s our future. A future where we’re always looking forward. Always serving up new ways to meet life’s moments. A future where we keep dreaming bigger. We look for people with passion, talent, and curiosity, and provide them with the teammates, resources and opportunities to unleash their full potential. The power we create together – when we combine your strengths with ours – is …",,dreaming big dna company culture heritage ever future future always looking forward always serving new way meet life moment future keep dreaming bigger look people passion talent curiosity provide teammate resource opportunity unleash full potential power create together combine strength
SAP Security Manager,Anheuser-Busch,"Saint Louis, Saint Louis County",IT Jobs,,2025-10-07T14:53:57Z,114903.93,114903.93,https://www.adzuna.com/land/ad/5435900918?se=anzX65Wq8BGglN2HEt9uZw&utm_medium=api&utm_source=183d4472&v=1B3C3D5CE03413E30A0A31E6050718031996645F,"Dreaming big is in our DNA. It’s who we are as a company. It’s our culture. It’s our heritage. And more than ever, it’s our future. A future where we’re always looking forward. Always serving up new ways to meet life’s moments. A future where we keep dreaming bigger. We look for people with passion, talent, and curiosity, and provide them with the teammates, resources and opportunities to unleash their full potential. The power we create together – when we combine your strengths with ours – is …",,dreaming big dna company culture heritage ever future future always looking forward always serving new way meet life moment future keep dreaming bigger look people passion talent curiosity provide teammate resource opportunity unleash full potential power create together combine strength
SAP Security Manager,Anheuser-Busch,"Shrewsbury, Saint Louis County",IT Jobs,,2025-10-16T04:28:23Z,117043.55,117043.55,https://www.adzuna.com/land/ad/5449875977?se=anzX65Wq8BGglN2HEt9uZw&utm_medium=api&utm_source=183d4472&v=5581526FC82A5CC2DD6E8C184EEF2054B015B66C,"Dreaming big is in our DNA. It’s who we are as a company. It’s our culture. It’s our heritage. And more than ever, it’s our future. A future where we’re always looking forward. Always serving up new ways to meet life’s moments. A future where we keep dreaming bigger. We look for people with passion, talent, and curiosity, and provide them with the teammates, resources and opportunities to unleash their full potential. The power we create together – when we combine your strengths with ours – is …",,dreaming big dna company culture heritage ever future future always looking forward always serving new way meet life moment future keep dreaming bigger look people passion talent curiosity provide teammate resource opportunity unleash full potential power create together combine strength
SAP Security Manager,Anheuser-Busch,"Clayton, Saint Louis County",IT Jobs,,2025-10-04T02:35:59Z,114903.93,114903.93,https://www.adzuna.com/land/ad/5430879869?se=anzX65Wq8BGglN2HEt9uZw&utm_medium=api&utm_source=183d4472&v=E0B37953980F449BA5C1BEF3A73915DD6DBD16E1,"Dreaming big is in our DNA. It’s who we are as a company. It’s our culture. It’s our heritage. And more than ever, it’s our future. A future where we’re always looking forward. Always serving up new ways to meet life’s moments. A future where we keep dreaming bigger. We look for people with passion, talent, and curiosity, and provide them with the teammates, resources and opportunities to unleash their full potential. The power we create together – when we combine your strengths with ours – is …",,dreaming big dna company culture heritage ever future future always looking forward always serving new way meet life moment future keep dreaming bigger look people passion talent curiosity provide teammate resource opportunity unleash full potential power create together combine strength
SAP Security Manager,Anheuser-Busch,"Pagedale, Saint Louis County",IT Jobs,,2025-10-04T02:35:59Z,113720.02,113720.02,https://www.adzuna.com/land/ad/5430879840?se=anzX65Wq8BGglN2HEt9uZw&utm_medium=api&utm_source=183d4472&v=FCB2459B66A621D0672FF3CC7CA3E2C3558436CF,"Dreaming big is in our DNA. It’s who we are as a company. It’s our culture. It’s our heritage. And more than ever, it’s our future. A future where we’re always looking forward. Always serving up new ways to meet life’s moments. A future where we keep dreaming bigger. We look for people with passion, talent, and curiosity, and provide them with the teammates, resources and opportunities to unleash their full potential. The power we create together – when we combine your strengths with ours – is …",,dreaming big dna company culture heritage ever future future always looking forward always serving new way meet life moment future keep dreaming bigger look people passion talent curiosity provide teammate resource opportunity unleash full potential power create together combine strength
SAP Security Manager,Anheuser-Busch,"Washingtn Park, Saint Clair County",IT Jobs,,2025-10-03T15:08:43Z,115017.07,115017.07,https://www.adzuna.com/land/ad/5430043927?se=anzX65Wq8BGglN2HEt9uZw&utm_medium=api&utm_source=183d4472&v=1C11D7DE14F67E54A264B73F4FE1C232B3145A42,"Dreaming big is in our DNA. It’s who we are as a company. It’s our culture. It’s our heritage. And more than ever, it’s our future. A future where we’re always looking forward. Always serving up new ways to meet life’s moments. A future where we keep dreaming bigger. We look for people with passion, talent, and curiosity, and provide them with the teammates, resources and opportunities to unleash their full potential. The power we create together – when we combine your strengths with ours – is …",,dreaming big dna company culture heritage ever future future always looking forward always serving new way meet life moment future keep dreaming bigger look people passion talent curiosity provide teammate resource opportunity unleash full potential power create together combine strength
SAP Security Manager,Anheuser-Busch,"Webster Groves, Saint Louis County",IT Jobs,,2025-10-03T15:08:43Z,139128.47,139128.47,https://www.adzuna.com/land/ad/5430043825?se=anzX65Wq8BGglN2HEt9uZw&utm_medium=api&utm_source=183d4472&v=3F931D45BD2C5DBBA523330E377C92FF68040FE2,"Dreaming big is in our DNA. It’s who we are as a company. It’s our culture. It’s our heritage. And more than ever, it’s our future. A future where we’re always looking forward. Always serving up new ways to meet life’s moments. A future where we keep dreaming bigger. We look for people with passion, talent, and curiosity, and provide them with the teammates, resources and opportunities to unleash their full potential. The power we create together – when we combine your strengths with ours – is …",,dreaming big dna company culture heritage ever future future always looking forward always serving new way meet life moment future keep dreaming bigger look people passion talent curiosity provide teammate resource opportunity unleash full potential power create together combine strength
SAP Security Manager,Anheuser-Busch,"Lovejoy, Saint Clair County",IT Jobs,,2025-10-04T02:34:17Z,126492.24,126492.24,https://www.adzuna.com/land/ad/5430874911?se=anzX65Wq8BGglN2HEt9uZw&utm_medium=api&utm_source=183d4472&v=9E5E73CD4497D15722392B1130FBCC2C26E53B44,"Dreaming big is in our DNA. It’s who we are as a company. It’s our culture. It’s our heritage. And more than ever, it’s our future. A future where we’re always looking forward. Always serving up new ways to meet life’s moments. A future where we keep dreaming bigger. We look for people with passion, talent, and curiosity, and provide them with the teammates, resources and opportunities to unleash their full potential. The power we create together – when we combine your strengths with ours – is …",,dreaming big dna company culture heritage ever future future always looking forward always serving new way meet life moment future keep dreaming bigger look people passion talent curiosity provide teammate resource opportunity unleash full potential power create together combine strength
SAP Security Manager,Anheuser-Busch,"Sauget, Saint Clair County",IT Jobs,,2025-10-15T16:37:15Z,121134.94,121134.94,https://www.adzuna.com/land/ad/5449028246?se=anzX65Wq8BGglN2HEt9uZw&utm_medium=api&utm_source=183d4472&v=17EEBDCCCFB0E0B723DE2FE3B443C921CE3A147B,"Dreaming big is in our DNA. It’s who we are as a company. It’s our culture. It’s our heritage. And more than ever, it’s our future. A future where we’re always looking forward. Always serving up new ways to meet life’s moments. A future where we keep dreaming bigger. We look for people with passion, talent, and curiosity, and provide them with the teammates, resources and opportunities to unleash their full potential. The power we create together – when we combine your strengths with ours – is …",,dreaming big dna company culture heritage ever future future always looking forward always serving new way meet life moment future keep dreaming bigger look people passion talent curiosity provide teammate resource opportunity unleash full potential power create together combine strength
SAP Security Manager,Anheuser-Busch,"Centreville, Saint Clair County",IT Jobs,,2025-10-15T16:37:15Z,121082.62,121082.62,https://www.adzuna.com/land/ad/5449028281?se=anzX65Wq8BGglN2HEt9uZw&utm_medium=api&utm_source=183d4472&v=8DB9613CA61F8742BAFFBA63BED6CE9555526265,"Dreaming big is in our DNA. It’s who we are as a company. It’s our culture. It’s our heritage. And more than ever, it’s our future. A future where we’re always looking forward. Always serving up new ways to meet life’s moments. A future where we keep dreaming bigger. We look for people with passion, talent, and curiosity, and provide them with the teammates, resources and opportunities to unleash their full potential. The power we create together – when we combine your strengths with ours – is …",,dreaming big dna company culture heritage ever future future always looking forward always serving new way meet life moment future keep dreaming bigger look people passion talent curiosity provide teammate resource opportunity unleash full potential power create together combine strength
SAP Security Manager,Anheuser-Busch,"Bella Villa, Saint Louis County",IT Jobs,,2025-10-15T16:37:06Z,119990.8,119990.8,https://www.adzuna.com/land/ad/5449026123?se=anzX65Wq8BGglN2HEt9uZw&utm_medium=api&utm_source=183d4472&v=5631FF5C0B6672F3AE6EA7E66AFE0FA0A5263DE2,"Dreaming big is in our DNA. It’s who we are as a company. It’s our culture. It’s our heritage. And more than ever, it’s our future. A future where we’re always looking forward. Always serving up new ways to meet life’s moments. A future where we keep dreaming bigger. We look for people with passion, talent, and curiosity, and provide them with the teammates, resources and opportunities to unleash their full potential. The power we create together – when we combine your strengths with ours – is …",,dreaming big dna company culture heritage ever future future always looking forward always serving new way meet life moment future keep dreaming bigger look people passion talent curiosity provide teammate resource opportunity unleash full potential power create together combine strength
SAP Security Manager,Anheuser-Busch,"Venice, Madison County",IT Jobs,,2025-10-15T16:37:16Z,111817.39,111817.39,https://www.adzuna.com/land/ad/5449028326?se=anzX65Wq8BGglN2HEt9uZw&utm_medium=api&utm_source=183d4472&v=8184C1486F8459F088C37EBCA1CAA75DA2272845,"Dreaming big is in our DNA. It’s who we are as a company. It’s our culture. It’s our heritage. And more than ever, it’s our future. A future where we’re always looking forward. Always serving up new ways to meet life’s moments. A future where we keep dreaming bigger. We look for people with passion, talent, and curiosity, and provide them with the teammates, resources and opportunities to unleash their full potential. The power we create together – when we combine your strengths with ours – is …",,dreaming big dna company culture heritage ever future future always looking forward always serving new way meet life moment future keep dreaming bigger look people passion talent curiosity provide teammate resource opportunity unleash full potential power create together combine strength
SAP Security Manager,Anheuser-Busch,"Pasadena Park, Saint Louis County",IT Jobs,,2025-10-15T16:37:16Z,182801.4,182801.4,https://www.adzuna.com/land/ad/5449028404?se=NiZQ7pWq8BGfOcM-IM9PUQ&utm_medium=api&utm_source=183d4472&v=FBD7A9E51B89838E103A3ECF754C811928800D9B,"Dreaming big is in our DNA. It’s who we are as a company. It’s our culture. It’s our heritage. And more than ever, it’s our future. A future where we’re always looking forward. Always serving up new ways to meet life’s moments. A future where we keep dreaming bigger. We look for people with passion, talent, and curiosity, and provide them with the teammates, resources and opportunities to unleash their full potential. The power we create together – when we combine your strengths with ours – is …",,dreaming big dna company culture heritage ever future future always looking forward always serving new way meet life moment future keep dreaming bigger look people passion talent curiosity provide teammate resource opportunity unleash full potential power create together combine strength
SAP Security Manager,Anheuser-Busch,"Cahokia, Saint Clair County",IT Jobs,,2025-10-15T16:37:08Z,132740.98,132740.98,https://www.adzuna.com/land/ad/5449026755?se=NiZQ7pWq8BGfOcM-IM9PUQ&utm_medium=api&utm_source=183d4472&v=A89DEA66DBC40D27FBB0B9E3F80FF835444CE69A,"Dreaming big is in our DNA. It’s who we are as a company. It’s our culture. It’s our heritage. And more than ever, it’s our future. A future where we’re always looking forward. Always serving up new ways to meet life’s moments. A future where we keep dreaming bigger. We look for people with passion, talent, and curiosity, and provide them with the teammates, resources and opportunities to unleash their full potential. The power we create together – when we combine your strengths with ours – is …",,dreaming big dna company culture heritage ever future future always looking forward always serving new way meet life moment future keep dreaming bigger look people passion talent curiosity provide teammate resource opportunity unleash full potential power create together combine strength
SAP Security Manager,Anheuser-Busch,"Manchester, Saint Louis County",IT Jobs,,2025-10-15T16:37:06Z,138749.38,138749.38,https://www.adzuna.com/land/ad/5449026154?se=NiZQ7pWq8BGfOcM-IM9PUQ&utm_medium=api&utm_source=183d4472&v=C7E383A52BD2F39C8FBB0C0460147C0EC7EAECD8,"Dreaming big is in our DNA. It’s who we are as a company. It’s our culture. It’s our heritage. And more than ever, it’s our future. A future where we’re always looking forward. Always serving up new ways to meet life’s moments. A future where we keep dreaming bigger. We look for people with passion, talent, and curiosity, and provide them with the teammates, resources and opportunities to unleash their full potential. The power we create together – when we combine your strengths with ours – is …",,dreaming big dna company culture heritage ever future future always looking forward always serving new way meet life moment future keep dreaming bigger look people passion talent curiosity provide teammate resource opportunity unleash full potential power create together combine strength
SAP Security Manager,Anheuser-Busch,"Goodfellow Terrace, Saint Louis",IT Jobs,,2025-10-15T16:37:12Z,121794.98,121794.98,https://www.adzuna.com/land/ad/5449027600?se=NiZQ7pWq8BGfOcM-IM9PUQ&utm_medium=api&utm_source=183d4472&v=2F1939311C735F0329190D36925938175C51B069,"Dreaming big is in our DNA. It’s who we are as a company. It’s our culture. It’s our heritage. And more than ever, it’s our future. A future where we’re always looking forward. Always serving up new ways to meet life’s moments. A future where we keep dreaming bigger. We look for people with passion, talent, and curiosity, and provide them with the teammates, resources and opportunities to unleash their full potential. The power we create together – when we combine your strengths with ours – is …",,dreaming big dna company culture heritage ever future future always looking forward always serving new way meet life moment future keep dreaming bigger look people passion talent curiosity provide teammate resource opportunity unleash full potential power create together combine strength
Senior Policy Based Access Control (PBAC) Engineer,Edward Jones,"Manchester, Saint Louis County",IT Jobs,full_time,2025-10-11T16:41:37Z,105694.17,105694.17,https://www.adzuna.com/land/ad/5443415059?se=NiZQ7pWq8BGfOcM-IM9PUQ&utm_medium=api&utm_source=183d4472&v=6F9998D4B566C4603D718F34D915DAC4989F89C5,"Innovate here. And see your ideas come to life. It's an exciting time to work in tech at Edward Jones. We are making massive investments in emerging technologies to improve how we work with our clients and with each other. Relationships are the focus of our business model. And working in Technology here means using your skills to build, deliver and maintain the technologies that enable us to deepen and support those relationships. The best part? We develop and create our own industry-leading so…",,innovate see idea come life exciting time work tech edward jones making massive investment emerging technology improve work client relationship focus business model working technology mean using skill build deliver maintain technology enable u deepen support relationship best part develop create industry leading
NETWORK SYSTEM ENGINEER with Security Clearance,CEdge Software Consultants,"Saint Louis, Saint Louis County",IT Jobs,,2025-08-13T13:20:36Z,271274.94,271274.94,https://www.adzuna.com/land/ad/5350689461?se=NiZQ7pWq8BGfOcM-IM9PUQ&utm_medium=api&utm_source=183d4472&v=E9012C4F77AB8C23F9A84474B33D505B5A9A6774,"Skills and Experience: Required: · Bachelor’s degree in Computer Science / Math / Science / Engineering or IT related degree. · 12 years of technical experience is required, to include: o 10 years of demonstrated experience developing networking technologies such as routing, circuit switching, packet switching, multiprotocol label switching (MPLS), and encapsulation protocols, as well as their accompanying international, government, or industry standards. o 4 years of IT planning/scheduling/req…",,skill experience required bachelor degree computer science math science engineering related degree 12 year technical experience required include 10 year demonstrated experience developing networking technology routing circuit switching packet switching multiprotocol label switching mpls encapsulation protocol well accompanying international government industry standard 4 year planning scheduling req
Embedded Engineer - Cyber with Security Clearance,Beacon Hill,"Saint Louis, Saint Louis County",IT Jobs,,2025-08-31T20:59:12Z,177694.66,177694.66,https://www.adzuna.com/land/ad/5376890321?se=NiZQ7pWq8BGfOcM-IM9PUQ&utm_medium=api&utm_source=183d4472&v=DB730F696EFF9AC2F5F46F609A5AE95AE74D8AD8,"Overview We are seeking an Embedded Cyber Software Developer to support cybersecurity initiatives in secure boot, firmware security, and hardware root of trust. The role involves developing and configuring boot loaders, implementing encryption and hashing algorithms, managing secure firmware updates, and collaborating with cross-functional teams to integrate robust security features across the product lifecycle. Key Responsibilities Develop, sign, and configure secure boot loaders (UEFI, EFI, a…",,overview seeking embedded cyber software developer support cybersecurity initiative secure boot firmware security hardware root trust role involves developing configuring boot loader implementing encryption hashing algorithm managing secure firmware update collaborating cross functional team integrate robust security feature across product lifecycle key responsibility develop sign configure secure boot loader uefi efi
Senior Structural Design Engineer - F-15,Boeing,"Saint Louis, Saint Louis County",Engineering Jobs,,2025-10-13T18:46:48Z,159212.17,159212.17,https://www.adzuna.com/land/ad/5446129517?se=NiZQ7pWq8BGfOcM-IM9PUQ&utm_medium=api&utm_source=183d4472&v=85D28B4F22A318932F00261B5DF01B6C7FCABB90,"Job Description At Boeing, we innovate and collaborate to make the world a better place. We're committed to fostering an environment for every teammate that's welcoming, respectful and inclusive, with great opportunity for professional growth. Find your future with us. Boeing St. Louis is building the future creating innovative solutions that will define the next generation of aerospace. We are currently seeking Structural Design Engineers (Levels 4 - 5) to develop, maintain and modify structur…",,job description boeing innovate collaborate make world better place committed fostering environment every teammate welcoming respectful inclusive great opportunity professional growth find future u boeing st louis building future creating innovative solution define next generation aerospace currently seeking structural design engineer level 4 5 develop maintain modify structur
Cyber Security Engineer with Security Clearance,CEdge Software Consultants,"Saint Louis, Saint Louis County",IT Jobs,,2025-08-01T09:43:33Z,140113.12,140113.12,https://www.adzuna.com/land/ad/5332018000?se=NiZQ7pWq8BGfOcM-IM9PUQ&utm_medium=api&utm_source=183d4472&v=C8D2433B299B34886E4570745DF2EC16170B220C,"CEdge has an opportunity for a Cyber Security Engineer (Senior Level), located in St Louis,MO If you are ready to work alongside World Renowned Technology experts, and carry the skills below, this is the opportunity that will inevitably take your career to unbelievable levels! This position requires a TS/SCI Security Clearance Cyber Security Engineer (Senior) Overall Assignment Description: The N2W Cyber Security Engineer will serve as a member of the N2W Active IT and project team, providing s…",,cedge opportunity cyber security engineer senior level located st louis mo ready work alongside world renowned technology expert carry skill opportunity inevitably take career unbelievable level position requires t sci security clearance cyber security engineer senior overall assignment description n2w cyber security engineer serve member n2w active project team providing
TSCM Practitioner support (Level III) with Security Clearance,CEdge Software Consultants,"Saint Louis, Saint Louis County",IT Jobs,,2025-08-01T09:44:13Z,224673.16,224673.16,https://www.adzuna.com/land/ad/5332021304?se=NiZQ7pWq8BGfOcM-IM9PUQ&utm_medium=api&utm_source=183d4472&v=C4EE0B609BB33FCE0A1929A323B5C83E21262A49,"Overall Assignment Description: Conduct TSCM, Foreign Visit, Gift Inspection, Digital Counterexploitation, Technical Evaluation activities and other technical operations supporting the NGA TSCM program, TSSC modernization goals, and Office of Counterintelligence Technical CI Division. Maintain familiarization with all governing national and agency level policies, ensuring compliance with all facets of reporting and training requirements as well as all other regulatory guidelines. Duties may inc…",,overall assignment description conduct tscm foreign visit gift inspection digital counterexploitation technical evaluation activity technical operation supporting nga tscm program tssc modernization goal office counterintelligence technical ci division maintain familiarization governing national agency level policy ensuring compliance facet reporting training requirement well regulatory guideline duty may inc
Only 24h Left! Senior Structural Analysis Engineer - F-15,Boeing,"Saint Louis, Saint Louis County",Engineering Jobs,,2025-10-13T18:46:47Z,143008.84,143008.84,https://www.adzuna.com/land/ad/5446129435?se=NiZQ7pWq8BGfOcM-IM9PUQ&utm_medium=api&utm_source=183d4472&v=CBA98D959212F56FABC24A91A01910365A3530E0,"Job Description At Boeing, we innovate and collaborate to make the world a better place. We're committed to fostering an environment for every teammate that's welcoming, respectful and inclusive, with great opportunity for professional growth. Find your future with us. Boeing St. Louis is building the future creating innovative solutions that will define the next generation of aerospace. We are currently seeking Structural Analysis Engineers (Level 4 or 5) to verify structural integrity by usin…",,job description boeing innovate collaborate make world better place committed fostering environment every teammate welcoming respectful inclusive great opportunity professional growth find future u boeing st louis building future creating innovative solution define next generation aerospace currently seeking structural analysis engineer level 4 5 verify structural integrity usin
Senior Guidance Navigation and Control Engineer [Apply in 3 Minutes],Boeing,"Saint Louis, Saint Louis County",Engineering Jobs,,2025-10-13T18:46:43Z,150376.08,150376.08,https://www.adzuna.com/land/ad/5446129215?se=NiZQ7pWq8BGfOcM-IM9PUQ&utm_medium=api&utm_source=183d4472&v=9CF8B8D12AE7DDEC9BA64B9B0DE07668EA689BC4,"Job Description At Boeing, we innovate and collaborate to make the world a better place. We're committed to fostering an environment for every teammate that's welcoming, respectful and inclusive, with great opportunity for professional growth. Find your future with us. Boeing Defense, Space & Security (BDS) is hiring Senior Guidance Navigation and Control (GNC) Engineers to join the Flight Systems Engineering Capability in Berkeley, MO. These roles will support new product design, development, …",,job description boeing innovate collaborate make world better place committed fostering environment every teammate welcoming respectful inclusive great opportunity professional growth find future u boeing defense space security bd hiring senior guidance navigation control gnc engineer join flight system engineering capability berkeley mo role support new product design development
F-15 Mission Systems Communications and Datalink Integration Engineer [10/16/2025],Boeing,"Saint Louis, Saint Louis County",Engineering Jobs,,2025-10-13T18:46:48Z,120101.62,120101.62,https://www.adzuna.com/land/ad/5446129492?se=NiZQ7pWq8BGfOcM-IM9PUQ&utm_medium=api&utm_source=183d4472&v=9549401C65EE644685E406F3D1F4533419D02BAA,"Job Description At Boeing, we innovate and collaborate to make the world a better place. We're committed to fostering an environment for every teammate that's welcoming, respectful and inclusive, with great opportunity for professional growth. Find your future with us. The Boeing Company is currently seeking an Experienced F-15 Mission SystemsCommunications and Datalink Integration Engineer to join the F-15 Mission Systems Team located in Berkeley, MO. This position will focus on supporting the…",,job description boeing innovate collaborate make world better place committed fostering environment every teammate welcoming respectful inclusive great opportunity professional growth find future u boeing company currently seeking experienced f 15 mission systemscommunications datalink integration engineer join f 15 mission system team located berkeley mo position focus supporting
TSCM Practitioner support (Level 3) 127-014 with Security Clearance,IC-CAP,"Saint Louis, Saint Louis County",IT Jobs,,2025-10-07T14:46:51Z,224433.1,224433.1,https://www.adzuna.com/land/ad/5435887693?se=NiZQ7pWq8BGfOcM-IM9PUQ&utm_medium=api&utm_source=183d4472&v=E0483E6BA745200E9A3EE28095DA05AEEEF9ED84,"TSCM Practitioner support (Level 3) will conduct TSCM, Foreign Visit, Gift Inspection, Digital Counterexploitation, Technical Evaluation activities and other technical operations supporting the NGA TSCM program, TSSC modernization goals, and Office of Counterintelligence Technical CI Division. Maintain familiarization with all governing national and agency level policies, ensuring compliance with all facets of reporting and training requirements as well as all other regulatory guidelines. Dutie…",,tscm practitioner support level 3 conduct tscm foreign visit gift inspection digital counterexploitation technical evaluation activity technical operation supporting nga tscm program tssc modernization goal office counterintelligence technical ci division maintain familiarization governing national agency level policy ensuring compliance facet reporting training requirement well regulatory guideline dutie
SAP Manager,Collabera,"Saint Louis, Saint Louis County",Accounting & Finance Jobs,,2025-10-11T20:32:45Z,114027.46,114027.46,https://www.adzuna.com/land/ad/5443680649?se=NiZQ7pWq8BGfOcM-IM9PUQ&utm_medium=api&utm_source=183d4472&v=8CD3FE9950BF35F372218182AFC8A789063BF00F,"Company - Chemical Title - SAP Manager Location - St Louis - Hybrid Type - Fulltime Pay range - $120-130K annually (Depending on Skills and experience) MUST HAVES: Education: Bachelor's or Master's degree in IT, Computer Science, Accounting, Business, or a related field. 100% Technical FICO Experience: A strong background in accounting (AP, Cost Accounting, GL) before transitioning into IT is highly desirable. Experience: Minimum of 10 years of professional experience working with the SAP FICO …",,company chemical title sap manager location st louis hybrid type fulltime pay range 120 130k annually depending skill experience must have education bachelor master degree computer science accounting business related field 100 technical fico experience strong background accounting ap cost accounting gl transitioning highly desirable experience minimum 10 year professional experience working sap fico
Associate Systems Engineer,Boeing,"Saint Louis, Saint Louis County",Engineering Jobs,,2025-10-13T18:46:43Z,97677.7,97677.7,https://www.adzuna.com/land/ad/5446129241?se=NiZQ7pWq8BGfOcM-IM9PUQ&utm_medium=api&utm_source=183d4472&v=7EFB79D84E1235BEE1F227F15AD27A479EB98821,"Job Description At Boeing, we innovate and collaborate to make the world a better place. We're committed to fostering an environment for every teammate that's welcoming, respectful and inclusive, with great opportunity for professional growth. Find your future with us. The Boeing Company is actively seeking Associate Systems Engineers to join its Saint-Louis based Divisions/Business Units, work locations to include Hazelwood, MO, Saint Charles, MO, or Berkeley, MO. Boeing is focused on providin…",,job description boeing innovate collaborate make world better place committed fostering environment every teammate welcoming respectful inclusive great opportunity professional growth find future u boeing company actively seeking associate system engineer join saint louis based division business unit work location include hazelwood mo saint charles mo berkeley mo boeing focused providin
F-15 Mission Systems Integration Architect,Boeing,"Saint Louis, Saint Louis County",Engineering Jobs,,2025-10-13T18:46:41Z,146880.72,146880.72,https://www.adzuna.com/land/ad/5446129135?se=NiZQ7pWq8BGfOcM-IM9PUQ&utm_medium=api&utm_source=183d4472&v=5D413C7449604E81C5BA099B435C7E15D3525D43,"Job Description At Boeing, we innovate and collaborate to make the world a better place. We're committed to fostering an environment for every teammate that's welcoming, respectful and inclusive, with great opportunity for professional growth. Find your future with us. The Boeing Defense, Space & Security (BDS) team is seeking is seeking a Senior Design and Analysis Engineer located in Berkeley, MO. As a member of the team, you will lead the development and execution of new avionics architectur…",,job description boeing innovate collaborate make world better place committed fostering environment every teammate welcoming respectful inclusive great opportunity professional growth find future u boeing defense space security bd team seeking seeking senior design analysis engineer located berkeley mo member team lead development execution new avionics architectur
System Engineer (Senior) 112-131 with Security Clearance,IC-CAP,"Saint Louis, Saint Louis County",IT Jobs,,2025-08-01T09:43:37Z,119949.39,119949.39,https://www.adzuna.com/land/ad/5332018266?se=NiZQ7pWq8BGfOcM-IM9PUQ&utm_medium=api&utm_source=183d4472&v=53A0C474831FB5840A23683509CD12AE474D6960,"System Engineer (Senior): Overall Assignment Description: The N2W Deployment Systems Engineer shall provide systems engineering, systems integration, project management, process and schedule documentation support. The N2W Deployment Systems Engineer will support the Enterprise Deployment process planning, deployment program coordination, schedule development, mission dependency development and documentation of the deployment of the NCW Enterprise to the new N2W building. The N2W Deployment Syst…",,system engineer senior overall assignment description n2w deployment system engineer shall provide system engineering system integration project management process schedule documentation support n2w deployment system engineer support enterprise deployment process planning deployment program coordination schedule development mission dependency development documentation deployment ncw enterprise new n2w building n2w deployment syst
N2W TSCM Support (Level 3) 127-015 with Security Clearance,IC-CAP,"Saint Louis, Saint Louis County",IT Jobs,,2025-10-07T14:50:09Z,150832.38,150832.38,https://www.adzuna.com/land/ad/5435896154?se=NiZQ7pWq8BGfOcM-IM9PUQ&utm_medium=api&utm_source=183d4472&v=2B7987669348083816E20FCED262921D2D043585,"N2W TSCM Support (Level 3) to conduct TSCM, Foreign Visit, Gift Inspection, Digital Counterexploitation, Technical Evaluation activities and other technical operations supporting the NGA TSCM program, TSSC modernization goals, and Office of Counterintelligence Technical CI Division. Maintain familiarization with all governing national and agency level policies, ensuring compliance with all facets of reporting and training requirements as well as all other regulatory guidelines. Duties may inclu…",,n2w tscm support level 3 conduct tscm foreign visit gift inspection digital counterexploitation technical evaluation activity technical operation supporting nga tscm program tssc modernization goal office counterintelligence technical ci division maintain familiarization governing national agency level policy ensuring compliance facet reporting training requirement well regulatory guideline duty may inclu
Systems Engineer (Experienced or Lead),BOEING,"Saint Louis, Saint Louis County",Engineering Jobs,,2025-10-13T23:40:57Z,124181.54,124181.54,https://www.adzuna.com/land/ad/5446400573?se=NiZQ7pWq8BGfOcM-IM9PUQ&utm_medium=api&utm_source=183d4472&v=3A96EF517145EBC25D0D53FADA02EE42851EE84B,"Job Description At Boeing, we innovate and collaborate to make the world a better place. We're committed to fostering an environment for every teammate that's welcoming, respectful and inclusive, with great opportunity for professional growth. Find your future with us. A leading global aerospace company and top U.S. exporter, Boeing develops, manufactures and services commercial airplanes, defense products and space systems for customers in more than 150 countries. Our U.S. and global workforce…",,job description boeing innovate collaborate make world better place committed fostering environment every teammate welcoming respectful inclusive great opportunity professional growth find future u leading global aerospace company top u exporter boeing develops manufacture service commercial airplane defense product space system customer 150 country u global workforce
"Senior Electronic Systems Design, Analysis, and Test Engineer - Fighters - (Signing Bonus Potential)",Boeing,"Saint Louis, Saint Louis County",Engineering Jobs,,2025-10-13T18:46:43Z,142058.28,142058.28,https://www.adzuna.com/land/ad/5446129218?se=AsOV75Wq8BGglN2HEt9uZw&utm_medium=api&utm_source=183d4472&v=71285DF93AD75E7580188F0D6F01021094330F27,"Job Description At Boeing, we innovate and collaborate to make the world a better place. We're committed to fostering an environment for every teammate that's welcoming, respectful and inclusive, with great opportunity for professional growth. Find your future with us. The Boeing Company has an exciting opportunity for a Senior Electronic Systems Design, Analysis, and Test Engineer for Fighters programs located in Berkeley, MO. These programs include: - F/A-18, EA-18G, F-15, F-22 - production t…",,job description boeing innovate collaborate make world better place committed fostering environment every teammate welcoming respectful inclusive great opportunity professional growth find future u boeing company exciting opportunity senior electronic system design analysis test engineer fighter program located berkeley mo program include f 18 ea 18g f 15 f 22 production
Equipment & Tool Engineer with Security Clearance,Beacon Hill,"Saint Louis, Saint Louis County",Engineering Jobs,,2025-08-14T17:18:12Z,130684.14,130684.14,https://www.adzuna.com/land/ad/5352897383?se=AsOV75Wq8BGglN2HEt9uZw&utm_medium=api&utm_source=183d4472&v=1880DBC9228C7024B69CC3CB0E0CE5943B716AED,"As a Tooling Engineer, you will evaluate program and project requirements to develop complex equipment and tooling concepts. You will analyze technical data to assess the impact on product engineering design and rate estimates, while also identifying opportunities for robotics, automation, and system integration. Your role will ensure compliance with safety, producibility, maintainability, reliability, and regulatory requirements. Key Responsibilities: Develop and design tooling solutions using…",,tooling engineer evaluate program project requirement develop complex equipment tooling concept analyze technical data assess impact product engineering design rate estimate also identifying opportunity robotics automation system integration role ensure compliance safety producibility maintainability reliability regulatory requirement key responsibility develop design tooling solution using
Design and Analysis Engineer (Electronic Sys Design & Analy),Boeing,"Saint Louis, Saint Louis County",Engineering Jobs,,2025-10-15T20:44:01Z,168641.77,168641.77,https://www.adzuna.com/land/ad/5449394855?se=AsOV75Wq8BGglN2HEt9uZw&utm_medium=api&utm_source=183d4472&v=D3F1D35153F5BD1895654F3438075A745920B912,"Job Description At Boeing, we innovate and collaborate to make the world a better place. We're committed to fostering an environment for every teammate that's welcoming, respectful and inclusive, with great opportunity for professional growth. Find your future with us. Boeing Defense, Space & Security (BDS) seeks a Senior Design and Analysis Engineer (Electronic Sys Design & Analy) top join our F/A-18 Mission Systems team in Berkely, MO. This position is for a level-4 integration engineer to le…",,job description boeing innovate collaborate make world better place committed fostering environment every teammate welcoming respectful inclusive great opportunity professional growth find future u boeing defense space security bd seek senior design analysis engineer electronic sys design analy top join f 18 mission system team berkely mo position level 4 integration engineer le
Senior Data Scientist with Security Clearance,Integrity First Technologies LLC,"Saint Louis, Saint Louis County",IT Jobs,,2025-08-13T17:16:03Z,194473.1,194473.1,https://www.adzuna.com/land/ad/5351213015?se=AsOV75Wq8BGglN2HEt9uZw&utm_medium=api&utm_source=183d4472&v=21AF2D70C04F6D92E4AB626C66B71DDDF53B2B3B,"Senior Data Scientist (10 yrs experience) - NGA Campus West (NCW), St. Louis, MO *Must have a background with intelligence experience, providing analysis and/or data science to an intelligence mission. *Must be able to operate at a senior level and in an independent environment. *Must be proficient and creating processes around large data sets to identify analytical discoveries *Must be able to take these discoveries and provide them through visualizations that are easily integrated into daily …",,senior data scientist 10 yr experience nga campus west ncw st louis mo must background intelligence experience providing analysis data science intelligence mission must able operate senior level independent environment must proficient creating process around large data set identify analytical discovery must able take discovery provide visualization easily integrated daily
Immediate Start: Senior Electronic Systems Design and Analysis Engineer - Mission Computing - Signing Bonus Potential,Boeing,"Saint Louis, Saint Louis County",Engineering Jobs,,2025-10-13T23:41:03Z,167075.53,167075.53,https://www.adzuna.com/land/ad/5446400677?se=AsOV75Wq8BGglN2HEt9uZw&utm_medium=api&utm_source=183d4472&v=D7C606A09AB1B83578955C70ADDCDEEBB906DABC,"Job Description At Boeing, we innovate and collaborate to make the world a better place. We're committed to fostering an environment for every teammate that's welcoming, respectful and inclusive, with great opportunity for professional growth. Find your future with us. The Boeing Company has an exciting opportunity for an Experienced/Senior Electronic Systems Design and Analysis Engineer for current and emerging fixed wing fighter programs located in Berkeley, MO. These programs include: - F-47…",,job description boeing innovate collaborate make world better place committed fostering environment every teammate welcoming respectful inclusive great opportunity professional growth find future u boeing company exciting opportunity experienced senior electronic system design analysis engineer current emerging fixed wing fighter program located berkeley mo program include f 47
Lead Mission Systems Crew Systems Engineer,Boeing,"Saint Louis, Saint Louis County",Engineering Jobs,,2025-10-13T18:46:47Z,118139.65,118139.65,https://www.adzuna.com/land/ad/5446129429?se=AsOV75Wq8BGglN2HEt9uZw&utm_medium=api&utm_source=183d4472&v=0B2A521D2E3FB94AB3226711117B6EC0F2195977,"Job Description At Boeing, we innovate and collaborate to make the world a better place. We're committed to fostering an environment for every teammate that's welcoming, respectful and inclusive, with great opportunity for professional growth. Find your future with us. Boeing Mission Systems Phantom Works organization has an exciting opportunity for an experience to senior level/ lead Mission Systems Crew SystemsEngineer. This position will be part of a proprietary program located in Berkeley, …",,job description boeing innovate collaborate make world better place committed fostering environment every teammate welcoming respectful inclusive great opportunity professional growth find future u boeing mission system phantom work organization exciting opportunity experience senior level lead mission system crew systemsengineer position part proprietary program located berkeley
▷ Immediate Start! Experienced Design and Analysis Engineer (Electrical Systems Design),Boeing,"Saint Louis, Saint Louis County",Engineering Jobs,,2025-10-13T23:40:53Z,93220.0,93220.0,https://www.adzuna.com/land/ad/5446400530?se=AsOV75Wq8BGglN2HEt9uZw&utm_medium=api&utm_source=183d4472&v=8E17DC7995EFE1971B3C97D3E767A00522B5F933,"Job Description At Boeing, we innovate and collaborate to make the world a better place. We're committed to fostering an environment for every teammate that's welcoming, respectful and inclusive, with great opportunity for professional growth. Find your future with us. The Boeing Defense, Space & Security (BDS) team is seeking an experienced Electronic Systems Design and Analysis Engineer to join our team in Berkeley, MO. You will join the F-15/T-7 electrical team where we will look for you to …",,job description boeing innovate collaborate make world better place committed fostering environment every teammate welcoming respectful inclusive great opportunity professional growth find future u boeing defense space security bd team seeking experienced electronic system design analysis engineer join team berkeley mo join f 15 7 electrical team look
EA-18G Senior Systems Engineer,Boeing,"Saint Louis, Saint Louis County",Engineering Jobs,,2025-10-13T18:46:42Z,138926.4,138926.4,https://www.adzuna.com/land/ad/5446129181?se=AsOV75Wq8BGglN2HEt9uZw&utm_medium=api&utm_source=183d4472&v=4DD453324C74B34ED2BF13ED16657661B475DF3D,"Job Description At Boeing, we innovate and collaborate to make the world a better place. We're committed to fostering an environment for every teammate that's welcoming, respectful and inclusive, with great opportunity for professional growth. Find your future with us. Boeing Defense, Space & Security (BDS) is seeking motivated and talented SeniorSystems Engineer (Level 5) to join our Fighters team in the St. Louis, Missouri region. As a systems engineer, you will apply an interdisciplinary app…",,job description boeing innovate collaborate make world better place committed fostering environment every teammate welcoming respectful inclusive great opportunity professional growth find future u boeing defense space security bd seeking motivated talented seniorsystems engineer level 5 join fighter team st louis missouri region system engineer apply interdisciplinary app
Backend Software Engineer with Security Clearance,Latitude Inc.,"Saint Louis, Saint Louis County",IT Jobs,,2025-10-10T19:03:23Z,150563.48,150563.48,https://www.adzuna.com/land/ad/5441901811?se=AsOV75Wq8BGglN2HEt9uZw&utm_medium=api&utm_source=183d4472&v=DEDD9E7236ABCA20F18F4DE8710DD876832C054A,"Responsibilities: This role supports the development of innovative systems for analytics, exploitation, production, and dissemination using web, remote desktop, and cloud technologies. Candidates should have 3 years of Python and C#/Java framework experience, 4 years with unit testing, CI tools, and GitLab, and expertise in cloud/SOA/web services or virtualization. The role also requires the ability to plan and prioritize in Confluence/Jira environments and communicate ideas clearly across dive…",,responsibility role support development innovative system analytics exploitation production dissemination using web remote desktop cloud technology candidate 3 year python c java framework experience 4 year unit testing ci tool gitlab expertise cloud soa web service virtualization role also requires ability plan prioritize confluence jira environment communicate idea clearly across dive
Software Engineer Level 3-5 with Security Clearance,Beacon Hill,"Manchester, Saint Louis County",IT Jobs,,2025-08-01T09:44:03Z,117051.15,117051.15,https://www.adzuna.com/land/ad/5332020490?se=AsOV75Wq8BGglN2HEt9uZw&utm_medium=api&utm_source=183d4472&v=2FF258F8066C40D9D9084015BC60A1E13EB0E8F0," Location: Hazelwood/Berkeley, Missouri (100% Onsite)  Must have an active Secret clearance and be eligible for Special Access Clearance  Contract-to-Hire | U.S. Citizenship Required Join a top-tier aerospace and defense company leading innovation in next-generation platforms and secure systems. We are seeking Software Engineers with strong experience in embedded systems, real-time development, and CI/CD pipelines to support mission-critical, high-security programs.  Key Responsibilities: Desig…",,location hazelwood berkeley missouri 100 onsite must active secret clearance eligible special access clearance contract hire u citizenship required join top tier aerospace defense company leading innovation next generation platform secure system seeking software engineer strong experience embedded system real time development ci cd pipeline support mission critical high security program key responsibility desig
DevOps Engineer with Security Clearance,Aqua IT,"Saint Louis, Saint Louis County",IT Jobs,,2025-09-16T13:07:07Z,111972.65,111972.65,https://www.adzuna.com/land/ad/5401542111?se=AsOV75Wq8BGglN2HEt9uZw&utm_medium=api&utm_source=183d4472&v=C154B6C5E927A44547EC9965E4F04E32740ED0A8,"Location: St. Louis, MO Chantilly, VA; Alexandria, VA; (50% remote) Clearance: Top Secret (TS/SCI preferred) JOB DESCRIPTION: Aqua IT has an opening for an experienced DevOps Engineer to assist with the development, integration, deployment, and sustainment of mission critical systems. RESPONSIBILITIES: • The primary duties will be to support the deployment of microservices via a DevSecOps pipeline within a Linux-based multi-tenant environment. • Develop, update, and maintain GitLab CI/CD pipeli…",,location st louis mo chantilly va alexandria va 50 remote clearance top secret t sci preferred job description aqua opening experienced devops engineer assist development integration deployment sustainment mission critical system responsibility primary duty support deployment microservices via devsecops pipeline within linux based multi tenant environment develop update maintain gitlab ci cd pipeli
DevOps Network Engineer with Security Clearance,Aqua IT,"Saint Louis, Saint Louis County",IT Jobs,,2025-09-26T08:17:02Z,124661.63,124661.63,https://www.adzuna.com/land/ad/5415033847?se=AsOV75Wq8BGglN2HEt9uZw&utm_medium=api&utm_source=183d4472&v=03B2D696B31B423CBFC9E9CABE9EB59E48176709,"Description: We have an opening for a Senior DevOps Engineer with strong networking experience to assist with the development, integration, deployment, and sustainment of mission critical systems. Responsibilities: • The primary duties will be to support the deployment of microservices via a DevSecOps pipeline within a Linux-based multi-tenant environment. • Extensive experience designing, implementing, and securing virtual networks within AWS • Experience implementing VPC network connectivity …",,description opening senior devops engineer strong networking experience assist development integration deployment sustainment mission critical system responsibility primary duty support deployment microservices via devsecops pipeline within linux based multi tenant environment extensive experience designing implementing securing virtual network within aws experience implementing vpc network connectivity
Mid or Senior level Design and Analysis Engineer (Electrical Systems Design),Boeing,"Saint Louis, Saint Louis County",Engineering Jobs,,2025-10-13T18:46:41Z,118547.3,118547.3,https://www.adzuna.com/land/ad/5446129134?se=AsOV75Wq8BGglN2HEt9uZw&utm_medium=api&utm_source=183d4472&v=8EEC1B658AE23F0DD276586E4A21EFFA032F29FA,"Job Description At Boeing, we innovate and collaborate to make the world a better place. We're committed to fostering an environment for every teammate that's welcoming, respectful and inclusive, with great opportunity for professional growth. Find your future with us. The Boeing Defense and Space Air Dominance Team is seeking a Mid (Level 3) to Senior (Level 4) F/A-18 Systems Electrical Design Engineer to design System Wiring Diagrams and on the F/A-18 in support of current production and futu…",,job description boeing innovate collaborate make world better place committed fostering environment every teammate welcoming respectful inclusive great opportunity professional growth find future u boeing defense space air dominance team seeking mid level 3 senior level 4 f 18 system electrical design engineer design system wiring diagram f 18 support current production futu
Senior Systems Engineer,Boeing,"Saint Louis, Saint Louis County",Engineering Jobs,,2025-10-13T18:46:48Z,146827.5,146827.5,https://www.adzuna.com/land/ad/5446129489?se=AsOV75Wq8BGglN2HEt9uZw&utm_medium=api&utm_source=183d4472&v=432DA9DFBD1E668CF98EB301EDC912B2C544861C,"Job Description At Boeing, we innovate and collaborate to make the world a better place. We're committed to fostering an environment for every teammate that's welcoming, respectful and inclusive, with great opportunity for professional growth. Find your future with us. Boeing Defense, Space & Security (BDS) Air Dominance/ Phantom Works Systems Engineering Integration and Test (SEIT) team is seeking Senior Systems Engineers to support development efforts on a proprietary program in Berkeley, MO.…",,job description boeing innovate collaborate make world better place committed fostering environment every teammate welcoming respectful inclusive great opportunity professional growth find future u boeing defense space security bd air dominance phantom work system engineering integration test seit team seeking senior system engineer support development effort proprietary program berkeley mo
Logistics Principal,SAIC,"Wellston, Saint Louis County",IT Jobs,,2025-09-12T18:07:05Z,190814.97,190814.97,https://www.adzuna.com/land/ad/5396768332?se=AsOV75Wq8BGglN2HEt9uZw&utm_medium=api&utm_source=183d4472&v=11C925B6B7BF00F3E628BE81B921380FE333E7FA,Description SAIC is seeking a Logistics Deployment Analyst to provide Support in planning and implementing the seamless move of mission and people from our government customer's current location to its new location. This position will be responsible for planning and defining mission dependencies and include contingency strategies. The Deployment team is seeking a person expertly versed in deployment logistics associated with corporate or military relocation efforts and planning. Responsibilitie…,,description saic seeking logistics deployment analyst provide support planning implementing seamless move mission people government customer current location new location position responsible planning defining mission dependency include contingency strategy deployment team seeking person expertly versed deployment logistics associated corporate military relocation effort planning responsibilitie
Integration & Analysis Engineer (Level 4) with Security Clearance,Beacon Hill,"Saint Louis, Saint Louis County",IT Jobs,,2025-08-31T20:59:15Z,156086.88,156086.88,https://www.adzuna.com/land/ad/5376890428?se=AsOV75Wq8BGglN2HEt9uZw&utm_medium=api&utm_source=183d4472&v=D356A572B8A9CAB89EB5D9947077B09DB7997680,"We are seeking an experienced Core Processing Integration & Analysis Engineer (Level 4) to support advanced Air Dominance Mission Systems Programs within the defense and aerospace sector. The engineer will provide subject matter expertise in core processor systems integration, with a strong focus on requirements decomposition, Model Based Systems Engineering (MBSE), and mission system interoperability. This role requires the ability to lead integration efforts, partner with customers, and drive…",,seeking experienced core processing integration analysis engineer level 4 support advanced air dominance mission system program within defense aerospace sector engineer provide subject matter expertise core processor system integration strong focus requirement decomposition model based system engineering mbse mission system interoperability role requires ability lead integration effort partner customer drive
RF Electrical Engineer 3 with Security Clearance,Beacon Hill,"Manchester, Saint Louis County",Engineering Jobs,,2025-09-26T08:15:43Z,114939.33,114939.33,https://www.adzuna.com/land/ad/5415024879?se=AsOV75Wq8BGglN2HEt9uZw&utm_medium=api&utm_source=183d4472&v=FB5A393182B3E1AD06ED32E0546E4B556F6FC24E,"The position will consist of engineering oversight of complex hardware redesigns, develop/execute design/threat trade studies and work closely with our supplier, program office and aircraft modification partners to meet requirements of the various programs. Position Responsibilities: Collaborate with Suppliers to develop and refine electronic warfare systems, ensuring alignment with requirements and specifications. Assist in the integration of electronic warfare systems into a tactical aircraft…",,position consist engineering oversight complex hardware redesigns develop execute design threat trade study work closely supplier program office aircraft modification partner meet requirement various program position responsibility collaborate supplier develop refine electronic warfare system ensuring alignment requirement specification assist integration electronic warfare system tactical aircraft
Principal IT Architect,The Timberline Group,"Saint Louis, Saint Louis County",IT Jobs,,2024-08-08T09:53:32Z,107339.47,107339.47,https://www.adzuna.com/details/4817023629?utm_medium=api&utm_source=183d4472,"The Software Architect will be an important and influential member of the IT Development Team. This person will need superior expertise gained from extensive experience and industry research of best practices within application design, coding, database and architecture. Position will contribute to a team project predominately focusing on architecture and development. You will work with a team typically in an Agile methodology completing various development and coding initiatives. Reports to: Pr…",,software architect important influential member development team person need superior expertise gained extensive experience industry research best practice within application design coding database architecture position contribute team project predominately focusing architecture development work team typically agile methodology completing various development coding initiative report pr
Geospatial Data Manager (Secret) with Security Clearance,Figure Eight Federal LLC,"Saint Louis, Saint Louis County",IT Jobs,,2025-08-01T09:43:01Z,129834.32,129834.32,https://www.adzuna.com/land/ad/5332015225?se=AsOV75Wq8BGglN2HEt9uZw&utm_medium=api&utm_source=183d4472&v=06AF98646BDDEF10115A4C638E0CC4BCDC77E83E,"Figure Eight Federal (F8F): Leading the Future of AI Training Data Figure Eight Federal (F8F) provides accurate and reliable human annotated datasets that fuel AI and machine learning for some of the world's biggest brands. With more than 25 years of industry knowledge, F8F's technology powers many of the AI interactions we experience every day. Our solutions and expertise empower our clients to achieve their AI goals and make a significant impact in their industry. As a Geospatial Data Manager…",,figure eight federal f8f leading future ai training data figure eight federal f8f provides accurate reliable human annotated datasets fuel ai machine learning world biggest brand 25 year industry knowledge f8f technology power many ai interaction experience every day solution expertise empower client achieve ai goal make significant impact industry geospatial data manager
TSCM Practitioner (Level III),Amentum,"Wellston, Saint Louis County",IT Jobs,,2025-06-19T12:39:34Z,165552.4,165552.4,https://www.adzuna.com/land/ad/5258312008?se=AsOV75Wq8BGglN2HEt9uZw&utm_medium=api&utm_source=183d4472&v=C36F7523F698D478E3B0C7F223F0F595FA5B99C0,"Amentum is seeking a TSCM Practitioner III to support the National Geospatial-Intelligence Agency (NGA), Office of Counterintelligence (SIC) in Washington, DC and St. Louis, MO. TSCM Practitioner III conducts TSCM, Foreign Visit, Gift Inspection, Digital Counterexploitation, Technical Evaluation activities and other technical operations supporting the NGA TSCM program, TSSC modernization goals, and Office of Counterintelligence Technical CI Division. Maintain familiarization with all governing …",,amentum seeking tscm practitioner iii support national geospatial intelligence agency nga office counterintelligence sic washington dc st louis mo tscm practitioner iii conduct tscm foreign visit gift inspection digital counterexploitation technical evaluation activity technical operation supporting nga tscm program tssc modernization goal office counterintelligence technical ci division maintain familiarization governing
Machine Learning Engineer with Security Clearance,SecureVision,"Sauget, Saint Clair County",IT Jobs,,2025-08-01T09:43:35Z,106520.6,106520.6,https://www.adzuna.com/land/ad/5332018092?se=bCTJ8JWq8BG5i9zeMC9UKw&utm_medium=api&utm_source=183d4472&v=9056D0FD556C559318D71E056D2368DD331ABC7A,HOW A MACHINE LEARNING ENGINEER WILL MAKE AN IMPACT Own your opportunity to serve as a critical component of our nation's safety and security. Make an impact by using your expertise to protect our country from threats. Job Description Rapidly prototype containerized multimodal deep learning solutions and associated data pipelines to enable GeoAI capabilities for improving analytic workflows and addressing key intelligence questions. You will be at the cutting edge of implementing State-of-the-A…,,machine learning engineer make impact opportunity serve critical component nation safety security make impact using expertise protect country threat job description rapidly prototype containerized multimodal deep learning solution associated data pipeline enable geoai capability improving analytic workflow addressing key intelligence question cutting edge implementing state
Sr. Ground Systems Hardware Architect 5 with Security Clearance,Beacon Hill,"Saint Louis, Saint Louis County",Engineering Jobs,,2025-08-22T13:35:13Z,141758.66,141758.66,https://www.adzuna.com/land/ad/5363910264?se=bCTJ8JWq8BG5i9zeMC9UKw&utm_medium=api&utm_source=183d4472&v=5C87D3B2C034793C60A01A05B14894806C92B2F5,"Position Overview: We are seeking a highly experienced Senior Ground Systems Hardware Engineer to lead the Ground Segment Hardware Architecture and Design, ensuring that performance, interfaces, and both functional and non-functional requirements are fully met. The selected candidate will play a critical role in developing engineering solutions and practices for key Ground System capabilities, including: Edge Compute Command and Control Network and Communication Systems Mission Planning Situati…",,position overview seeking highly experienced senior ground system hardware engineer lead ground segment hardware architecture design ensuring performance interface functional non functional requirement fully met selected candidate play critical role developing engineering solution practice key ground system capability including edge compute command control network communication system mission planning situati
Patent Prosecution Associate Attorney - St. Louis,Direct Counsel,"Saint Louis, Saint Louis County",Engineering Jobs,,2025-10-02T23:37:25Z,145662.78,145662.78,https://www.adzuna.com/details/5428570778?utm_medium=api&utm_source=183d4472,"Job Description Job Description Direct Counsel is representing an Am Law 100 firm seeking a Mid-Level Associate to join its Electrical Engineering and Computer Science Patent Prosecution Practice Group. This position offers flexibility across firm locations, with strong preference for candidates based in Atlanta, Denver, Houston, St. Louis, Kansas City, Los Angeles, or San Francisco. Position Overview This is a premier opportunity for a technically driven patent prosecution attorney with a back…",,job description job description direct counsel representing law 100 firm seeking mid level associate join electrical engineering computer science patent prosecution practice group position offer flexibility across firm location strong preference candidate based atlanta denver houston st louis kansa city los angeles san francisco position overview premier opportunity technically driven patent prosecution attorney back
Junior Engineer,Evtron,"Saint Louis, Saint Louis County",IT Jobs,,2024-08-01T11:10:18Z,73020.8,73020.8,https://www.adzuna.com/details/4805418325?utm_medium=api&utm_source=183d4472,"There are six engineering positions available. All positions are entry-level. Those who have experience related to a position but are of a different major are still encouraged to apply.  COMPUTER ENGINEERING (I) Expander board design [Musts] C Unix, Linux Embedded systems knowledge  ELECTRICAL ENGINEERING (I) Firmware & Circuit Design [Musts] High speed digital knowledge  COMPUTER SCIENCE (I) Let’s build a custom enterprise resource planning (ERP) system. [Musts] Python  COMPUTER SCIENCE (II) N…",,six engineering position available position entry level experience related position different major still encouraged apply computer engineering expander board design must c unix linux embedded system knowledge electrical engineering firmware circuit design must high speed digital knowledge computer science let build custom enterprise resource planning erp system must python computer science ii n
.Net - Angular/C# Developer (Senior and Mid-Level),The Timberline Group,"Saint Louis, Saint Louis County",IT Jobs,full_time,2024-08-05T10:46:45Z,62449.13,62449.13,https://www.adzuna.com/details/4811157997?utm_medium=api&utm_source=183d4472,"O ur .NET Developers work with a team of talented individuals who share a strong passion for their work. The primary role of this experienced individual will be to develop software solutions through the conception, development, testing and implementation phases. This full-time position will challenge you to find creative ways to solve problems, explore new technologies, and everyone is expected to contribute at every level of the development process regardless of their position. What are we loo…",,ur net developer work team talented individual share strong passion work primary role experienced individual develop software solution conception development testing implementation phase full time position challenge find creative way solve problem explore new technology everyone expected contribute every level development process regardless position loo
Senior Software Developer,The Timberline Group,"Saint Louis, Saint Louis County",IT Jobs,,2024-08-01T05:21:31Z,70919.73,70919.73,https://www.adzuna.com/details/4804525890?utm_medium=api&utm_source=183d4472,Senior Software Developer(s) to design custom software solutions based on client requirements. This position will have a lead role in the development and enhancements of a large data management system. This will be an ongoing effort to replace and support the data management system as needs change by utilizing written Visual Basic with Java services and an Angular user interface. Individuals will apply advanced theoretical knowledge of computer science principles and concepts to perform the dut…,,senior software developer design custom software solution based client requirement position lead role development enhancement large data management system ongoing effort replace support data management system need change utilizing written visual basic java service angular user interface individual apply advanced theoretical knowledge computer science principle concept perform dut
Delivery Engineer (Secret) with Security Clearance,Figure Eight Federal LLC,"Saint Louis, Saint Louis County",IT Jobs,,2025-08-01T09:44:07Z,160087.02,160087.02,https://www.adzuna.com/land/ad/5332020753?se=bCTJ8JWq8BG5i9zeMC9UKw&utm_medium=api&utm_source=183d4472&v=1DD854F73AF26DB7E0081AA0330E0B33556F9FA5,"Figure Eight Federal (F8F): Leading the Future of AI Training Data Figure Eight Federal (F8F) provides accurate and reliable human annotated datasets that fuel AI and machine learning for some of the world's biggest brands. With more than 25 years of industry knowledge, F8F's technology powers many of the AI interactions we experience every day. Our solutions and expertise empower our clients to achieve their AI goals and make a significant impact in their industry. As the Delivery Engineer, yo…",,figure eight federal f8f leading future ai training data figure eight federal f8f provides accurate reliable human annotated datasets fuel ai machine learning world biggest brand 25 year industry knowledge f8f technology power many ai interaction experience every day solution expertise empower client achieve ai goal make significant impact industry delivery engineer yo
Senior Software Engineer with Security Clearance,Momentum,"Saint Louis, Saint Louis County",IT Jobs,,2025-10-11T23:33:59Z,204057.33,204057.33,https://www.adzuna.com/land/ad/5443805658?se=bCTJ8JWq8BG5i9zeMC9UKw&utm_medium=api&utm_source=183d4472&v=2ECD316914EFC446CBC0E24045EC079947C9B321,"Welcome to the MOMENTUM. Team! MOMENTUM. is not just our company name; it is the highest value we deliver to our customers. We are a rapidly growing technology solutions company delivering innovative technology, engineering, and intelligence solutions across the DoD sector. The efforts of our high-capacity team ultimately strengthen our Nation and the warfighter. Our team is dispersed throughout the US, which means we value the diversity and unique collaboration fostered throughout our team. We…",,welcome momentum team momentum company name highest value deliver customer rapidly growing technology solution company delivering innovative technology engineering intelligence solution across dod sector effort high capacity team ultimately strengthen nation warfighter team dispersed throughout u mean value diversity unique collaboration fostered throughout team
Program Management Support – Lifecycle Acquisition with Security Clearance,Red Gate Group,"Saint Louis, Saint Louis County",IT Jobs,,2025-10-10T15:02:07Z,152473.45,152473.45,https://www.adzuna.com/land/ad/5441577456?se=bCTJ8JWq8BG5i9zeMC9UKw&utm_medium=api&utm_source=183d4472&v=293CE4791DED0B20AED70577A94B3171FAB9F602,"The Red Gate Group is seeking a Program Management Support – Lifecycle Acquisition Specialist to support the National Geospatial-Intelligence Agency (NGA) in St. Louis, MO. In this role, you’ll play a critical part in advancing NGA’s mission by providing expert guidance and hands-on program management across the full acquisition lifecycle. From developing acquisition strategies and managing complex procurements to supporting testing, risk management, and stakeholder engagement, you’ll serve as …",,red gate group seeking program management support lifecycle acquisition specialist support national geospatial intelligence agency nga st louis mo role play critical part advancing nga mission providing expert guidance hand program management across full acquisition lifecycle developing acquisition strategy managing complex procurement supporting testing risk management stakeholder engagement serve
Principal Software Engineer with Security Clearance,Momentum,"Saint Louis, Saint Louis County",IT Jobs,,2025-10-14T16:19:30Z,207659.34,207659.34,https://www.adzuna.com/land/ad/5447523462?se=bCTJ8JWq8BG5i9zeMC9UKw&utm_medium=api&utm_source=183d4472&v=587BD60142B112818725386A0A805C80DADC0DF9,"Welcome to the MOMENTUM. Team! MOMENTUM. is not just our company name; it is the highest value we deliver to our customers. We are a rapidly growing technology solutions company delivering innovative technology, engineering, and intelligence solutions across the DoD sector. The efforts of our high-capacity team ultimately strengthen our Nation and the warfighter. Our team is dispersed throughout the US, which means we value the diversity and unique collaboration fostered throughout our team. We…",,welcome momentum team momentum company name highest value deliver customer rapidly growing technology solution company delivering innovative technology engineering intelligence solution across dod sector effort high capacity team ultimately strengthen nation warfighter team dispersed throughout u mean value diversity unique collaboration fostered throughout team
Advanced AI Platform Product Manager,Accenture,"Wellston, Saint Louis County",Engineering Jobs,,2025-08-06T17:10:30Z,237918.73,237918.73,https://www.adzuna.com/land/ad/5340797527?se=bCTJ8JWq8BG5i9zeMC9UKw&utm_medium=api&utm_source=183d4472&v=3FC3A4E274927D0E988E5C0EDBF3D30C67C3370A,"We Are:? The beginning of a new Data & AI decade that will reshape work and society has begun. Accenture is stepping boldly into this future with a clear strategy and purpose: to help clients optimize and reinvent their business with data & AI. With over 45,000 professionals dedicated to Data & AI, Accenture's Data & AI organization brings together our Experienced Innovation, Strategic Investment, Exceptional Talent, and Power Ecosystem.? You Are:? The product manager role is essential in guidi…",,beginning new data ai decade reshape work society begun accenture stepping boldly future clear strategy purpose help client optimize reinvent business data ai 45 000 professional dedicated data ai accenture data ai organization brings together experienced innovation strategic investment exceptional talent power ecosystem product manager role essential guidi
Support Engineer,Insight Global,"Wellston, Saint Louis County",IT Jobs,,2025-08-21T17:35:46Z,56689.75,56689.75,https://www.adzuna.com/land/ad/5362779334?se=bCTJ8JWq8BG5i9zeMC9UKw&utm_medium=api&utm_source=183d4472&v=598B6B6824F69B648E49EA27036C9B5FFF3D7332,"Job Description Insight Global is seeking a Support Engineer to sit in St. Louis, MO for one of their clients. The Support Engineer provides front-line technical support to ensure smooth computer operations for end users. Each day begins with reviewing and responding to incoming help requests. The engineer troubleshoots hardware and software issues using remote tools or in-person support when needed. They document all support interactions and escalate complex issues to the appropriate technicia…",,job description insight global seeking support engineer sit st louis mo one client support engineer provides front line technical support ensure smooth computer operation end user day begin reviewing responding incoming help request engineer troubleshoots hardware software issue using remote tool person support needed document support interaction escalate complex issue appropriate technicia
Lead Avionics Hardware Engineer - Fighters Mission Systems,BOEING,"Saint Louis, Saint Louis County",Engineering Jobs,,2025-10-15T20:44:02Z,112885.84,112885.84,https://www.adzuna.com/land/ad/5449394859?se=bCTJ8JWq8BG5i9zeMC9UKw&utm_medium=api&utm_source=183d4472&v=18ACCCA1E2AE4B423BB6E4AC349AFC75D4A6252F,"Job Description At Boeing, we innovate and collaborate to make the world a better place. We're committed to fostering an environment for every teammate that's welcoming, respectful and inclusive, with great opportunity for professional growth. Find your future with us. The Boeing Defense, Space & Security (BDS) team is seeking a Lead Avionics Hardware Engineer - Fighters mission Systems located in Berkeley, MO. Job Description Summary - Leads work with customers to develop and document complex …",,job description boeing innovate collaborate make world better place committed fostering environment every teammate welcoming respectful inclusive great opportunity professional growth find future u boeing defense space security bd team seeking lead avionics hardware engineer fighter mission system located berkeley mo job description summary lead work customer develop document complex
Advanced AI Software Engineer Associate Director,Accenture,"Wellston, Saint Louis County",Engineering Jobs,,2025-07-22T17:04:57Z,182238.14,182238.14,https://www.adzuna.com/land/ad/5317120897?se=bCTJ8JWq8BG5i9zeMC9UKw&utm_medium=api&utm_source=183d4472&v=2602CA37904428AA93BB9FCEA8359E385C9F05FD,"We Are: The beginning of a new Data & AI decade that will reshape work and society has begun. Accenture is stepping boldly into this future with a clear strategy and purpose: to help clients optimize and reinvent their business with data & AI. With over 45,000 professionals dedicated to Data & AI, Accenture's Data & AI organization brings together our Experienced Innovation, Strategic Investment, Exceptional Talent, and Power Ecosystem. You Are : As a Senior Advance AI Software Engineer, you wi…",,beginning new data ai decade reshape work society begun accenture stepping boldly future clear strategy purpose help client optimize reinvent business data ai 45 000 professional dedicated data ai accenture data ai organization brings together experienced innovation strategic investment exceptional talent power ecosystem senior advance ai software engineer wi
Senior Advanced AI Software Engineer,Accenture,"Wellston, Saint Louis County",Engineering Jobs,,2025-09-09T18:04:29Z,205883.64,205883.64,https://www.adzuna.com/land/ad/5391519780?se=bCTJ8JWq8BG5i9zeMC9UKw&utm_medium=api&utm_source=183d4472&v=85CA544D4C3A49EE1888341BA3583F0AF6368C05,"We Are: The beginning of a new Data & AI decade that will reshape work and society has begun. Accenture is stepping boldly into this future with a clear strategy and purpose: to help clients optimize and reinvent their business with data & AI. With over 45,000 professionals dedicated to Data & AI, Accenture's Data & AI organization brings together our Experienced Innovation, Strategic Investment, Exceptional Talent, and Power Ecosystem. Join our AI Talent Community (http://accenture.wd103.mywor…",,beginning new data ai decade reshape work society begun accenture stepping boldly future clear strategy purpose help client optimize reinvent business data ai 45 000 professional dedicated data ai accenture data ai organization brings together experienced innovation strategic investment exceptional talent power ecosystem join ai talent community
Advanced AI Software Engineer,Accenture,"Wellston, Saint Louis County",Engineering Jobs,,2025-09-09T18:04:29Z,220327.8,220327.8,https://www.adzuna.com/land/ad/5391519698?se=bCTJ8JWq8BG5i9zeMC9UKw&utm_medium=api&utm_source=183d4472&v=ED643EC382B11B4C83637C11BB79A570CFD54B6B,"We Are: The beginning of a new Data & AI decade that will reshape work and society has begun. Accenture is stepping boldly into this future with a clear strategy and purpose: to help clients optimize and reinvent their business with data & AI. With over 45,000 professionals dedicated to Data & AI, Accenture's Data & AI organization brings together our Experienced Innovation, Strategic Investment, Exceptional Talent, and Power Ecosystem. Join our AI Talent Community (http://accenture.wd103.mywor…",,beginning new data ai decade reshape work society begun accenture stepping boldly future clear strategy purpose help client optimize reinvent business data ai 45 000 professional dedicated data ai accenture data ai organization brings together experienced innovation strategic investment exceptional talent power ecosystem join ai talent community
DevSecOps Engineers with Security Clearance,Momentum,"Saint Louis, Saint Louis County",IT Jobs,,2025-10-11T23:33:47Z,181773.64,181773.64,https://www.adzuna.com/land/ad/5443805067?se=bCTJ8JWq8BG5i9zeMC9UKw&utm_medium=api&utm_source=183d4472&v=013BD9FBFD7718413331C55F72559EA58BC583B6,"Welcome to the MOMENTUM. Team! MOMENTUM. is not just our company name; it is the highest value we deliver to our customers. We are a rapidly growing technology solutions company delivering innovative technology, engineering, and intelligence solutions across the DoD sector. The efforts of our high-capacity team ultimately strengthen our Nation and the warfighter. Our team is dispersed throughout the US, which means we value the diversity and unique collaboration fostered throughout our team. We…",,welcome momentum team momentum company name highest value deliver customer rapidly growing technology solution company delivering innovative technology engineering intelligence solution across dod sector effort high capacity team ultimately strengthen nation warfighter team dispersed throughout u mean value diversity unique collaboration fostered throughout team
C# .NET Developer - Mid to Senior/Level,The Timberline Group,"Saint Louis, Saint Louis County",IT Jobs,full_time,2024-08-04T06:06:01Z,60195.11,60195.11,https://www.adzuna.com/details/4809972306?utm_medium=api&utm_source=183d4472,".NET Developers work with a team of talented individuals who share a strong passion for their work. The primary role of this experienced individual will be to develop software solutions through the conception, development, testing and implementation phases. This full-time position will challenge you to find creative ways to solve problems, explore new technologies, and everyone is expected to contribute at every level of the development process regardless of their position. What are we looking …",,net developer work team talented individual share strong passion work primary role experienced individual develop software solution conception development testing implementation phase full time position challenge find creative way solve problem explore new technology everyone expected contribute every level development process regardless position looking
Low Observables Mission Systems Integration Lead [Urgent Search],BOEING,"Saint Louis, Saint Louis County",Engineering Jobs,,2025-10-13T18:46:40Z,113705.7,113705.7,https://www.adzuna.com/land/ad/5446129095?se=bCTJ8JWq8BG5i9zeMC9UKw&utm_medium=api&utm_source=183d4472&v=A3116E1820A5AEF9DCF79C773A7C2D1F99F6C74B,"Job Description At Boeing, we innovate and collaborate to make the world a better place. We're committed to fostering an environment for every teammate that's welcoming, respectful and inclusive, with great opportunity for professional growth. Find your future with us. The Boeing Defense, Space & Security (BDS) - Phantom Works organization is seeking a highly skilled and experienced Senior Low Observables Mission Systems Integration Engineer to lead a team of engineers in support of the design …",,job description boeing innovate collaborate make world better place committed fostering environment every teammate welcoming respectful inclusive great opportunity professional growth find future u boeing defense space security bd phantom work organization seeking highly skilled experienced senior low observables mission system integration engineer lead team engineer support design
F/A-18 IDIQ Chief Integrator [15h Left],Boeing,"Saint Louis, Saint Louis County",Engineering Jobs,,2025-10-13T23:40:57Z,142630.88,142630.88,https://www.adzuna.com/land/ad/5446400575?se=bCTJ8JWq8BG5i9zeMC9UKw&utm_medium=api&utm_source=183d4472&v=2D0D40E55CAAD1852497BF7C1AC125DF0C68C545,"Job Description At Boeing, we innovate and collaborate to make the world a better place. We're committed to fostering an environment for every teammate that's welcoming, respectful and inclusive, with great opportunity for professional growth. Find your future with us. The Boeing Defense, Space & Security (BDS) F/A-18 team is seeking a IDIQ Chief Integrator in St. Louis, MO . The F/A-18 IDIQ Chief Integrator is responsible for ensuring the capabilities and initiatives developed for the F/A-18 a…",,job description boeing innovate collaborate make world better place committed fostering environment every teammate welcoming respectful inclusive great opportunity professional growth find future u boeing defense space security bd f 18 team seeking idiq chief integrator st louis mo f 18 idiq chief integrator responsible ensuring capability initiative developed f 18
Information Systems Security Developer,Calibre Systems,"Saint Louis, Saint Louis County",IT Jobs,,2025-10-15T09:28:45Z,112070.19,112070.19,https://www.adzuna.com/land/ad/5448626894?se=tGuB9JWq8BGglN2HEt9uZw&utm_medium=api&utm_source=183d4472&v=6AB2D72A34E9CCE1AF005BD54070C99BDFC5607C,"CALIBRE is an employee-owned mission focused solutions and digital transformation company. We are currently seeking a Information System Security Developer (Mid-level) that will design, develop, test, and evaluate information system security throughout the systems development life cycle. Position will be on site in St. Louis, MO. The Information System Security Developer’s responsibilities include, but are not limited to, the following: Analyze design constraints, analyze trade-offs and detaile…",,calibre employee owned mission focused solution digital transformation company currently seeking information system security developer mid level design develop test evaluate information system security throughout system development life cycle position site st louis mo information system security developer responsibility include limited following analyze design constraint analyze trade offs detaile
Senior Hadoop Developer,The Timberline Group,"Saint Louis, Saint Louis County",IT Jobs,,2024-08-08T09:33:21Z,85583.22,85583.22,https://www.adzuna.com/details/4816780814?utm_medium=api&utm_source=183d4472,"Senior Hadoop Developer to develop, create, and modify general computer applications software or specialized utility programs. Job responsibilities and duties include: Implement data analytics processing algorithms on Big Data batch and stream processing frameworks (e.g. Hadoop MapReduce, Python, Spark, Scala, Kafka etc.). Perform data acquisition, preparation, and perform analysis leveraging a variety of data programming techniques in Spark using Scala. Work on complex issues where analysis of…",,senior hadoop developer develop create modify general computer application software specialized utility program job responsibility duty include implement data analytics processing algorithm big data batch stream processing framework e g hadoop mapreduce python spark scala kafka etc perform data acquisition preparation perform analysis leveraging variety data programming technique spark using scala work complex issue analysis
Sr. Java Backend Developer(f2f interview),Axiom Software Solutions Limited,"Saint Louis, Saint Louis County",IT Jobs,,2025-08-08T11:10:01Z,123887.24,123887.24,https://www.adzuna.com/details/5343826462?utm_medium=api&utm_source=183d4472,"Role: Sr. Java Backend Developer(f2f interview) Location: St. Louis MO - Onsite Position Type: Contract An in-person (face to face) interview will be required at office in St. Louis, MO. Job Description: • Bachelor’s degree in computer science, Information Technology • Minimum of 7 years of experience in developing backend application • Roles And Responsibilities: • Developing high quality, scalable solutions • Working collaboratively with product owners, business analysts, quality assurance an…",,role sr java backend developer f2f interview location st louis mo onsite position type contract person face face interview required office st louis mo job description bachelor degree computer science information technology minimum 7 year experience developing backend application role responsibility developing high quality scalable solution working collaboratively product owner business analyst quality assurance
Electronic Warfare Lead Engineer (Level 5),The Boeing Company,"Wellston, Saint Louis County",Engineering Jobs,,2025-10-04T19:08:05Z,130661.96,130661.96,https://www.adzuna.com/land/ad/5431927821?se=tGuB9JWq8BGglN2HEt9uZw&utm_medium=api&utm_source=183d4472&v=4B68AB523C1431DD7D7BF98DA25CC0F373F1DE0A,"Job Description At Boeing, we innovate and collaborate to make the world a better place. We're committed to fostering an environment for every teammate that's welcoming, respectful and inclusive, with great opportunity for professional growth. Find your future with us. The Boeing Company is seeking an experienced Lead Electronic Warfare Integrator to serve as the engineering lead for the Electronic Warfare team in located in Berkely, MO. As the EW lead for a major proprietary program, you will …",,job description boeing innovate collaborate make world better place committed fostering environment every teammate welcoming respectful inclusive great opportunity professional growth find future u boeing company seeking experienced lead electronic warfare integrator serve engineering lead electronic warfare team located berkely mo ew lead major proprietary program
RISA20250818-OP026 - CSE III - Endpoint Security Services with Security Clearance,"Vector Check Business Solutions, LLC","Sauget, Saint Clair County",IT Jobs,,2025-08-21T10:57:47Z,188499.12,188499.12,https://www.adzuna.com/land/ad/5362024804?se=tGuB9JWq8BGglN2HEt9uZw&utm_medium=api&utm_source=183d4472&v=4110883C969CF7B1332E93C0612694FAD25CA4B7,"Endpoint Security Engineer III Job Category: Engineering Time Type: Full time Minimum Clearance Required to Start: TS/SCI Employee Type: Regular Percentage of Travel Required: Up to 10% Type of Travel: Local The Opportunity: RISAI has an exciting opportunity for a Senior Endpoint Security Engineer to join our Transport & Cybersecurity Services (TCS) team in either Springfield, VA or St. Louis, MO. Our Endpoint Security team is rapidly growing! This is one of several New positions that we have a…",,endpoint security engineer iii job category engineering time type full time minimum clearance required start t sci employee type regular percentage travel required 10 type travel local opportunity risai exciting opportunity senior endpoint security engineer join transport cybersecurity service tc team either springfield va st louis mo endpoint security team rapidly growing one several new position
Jira and Confluence Administrator,The Timberline Group,"Saint Louis, Saint Louis County",IT Jobs,,2025-01-18T08:29:12Z,52302.0,52302.0,https://www.adzuna.com/details/5015769797?utm_medium=api&utm_source=183d4472,"The Engineer job family is responsible for maintaining a deep, technical knowledge and thorough understanding of solution design, constraints and operational approaches. The Engineer job family develops collaborative partnerships with stakeholders to build and implement technology solutions, as well as actively anticipate and solve problems during and after delivery. Qualifications: Required: * Must be authorized to work in the U.S. without sponsorship now or in the future * Must incorporate se…",Qualifications: Required: * Must be authorized to work in the U.S. without sponsorship now or in the future * Must incorporate se…,engineer job family responsible maintaining deep technical knowledge thorough understanding solution design constraint operational approach engineer job family develops collaborative partnership stakeholder build implement technology solution well actively anticipate solve problem delivery qualification required must authorized work u without sponsorship future must incorporate se
TSCM Practitioner support (Level III) - TS/SCI Clearance required,Core-CSI LLC.,"Saint Louis, Saint Louis County",IT Jobs,,2025-09-26T07:18:24Z,223161.9,223161.9,https://www.adzuna.com/details/5414758750?utm_medium=api&utm_source=183d4472,"Overall Assignment Description: Conduct TSCM, Foreign Visit, Gift Inspection, Digital Counterexploitation, Technical Evaluation activities and other technical operations supporting the NGA TSCM program, TSSC modernization goals, and Office of Counterintelligence Technical CI Division. Maintain familiarization with all governing national and agency level policies, ensuring compliance with all facets of reporting and training requirements as well as all other regulatory guidelines. Duties may inc…",,overall assignment description conduct tscm foreign visit gift inspection digital counterexploitation technical evaluation activity technical operation supporting nga tscm program tssc modernization goal office counterintelligence technical ci division maintain familiarization governing national agency level policy ensuring compliance facet reporting training requirement well regulatory guideline duty may inc
Electronic Design Engineer,Insight Global,"Wellston, Saint Louis County",Engineering Jobs,,2025-10-15T19:28:30Z,81106.03,81106.03,https://www.adzuna.com/land/ad/5449182969?se=tGuB9JWq8BGglN2HEt9uZw&utm_medium=api&utm_source=183d4472&v=967EF2BA9B7D345FEC6757422788FE4301B648B6,Job Description Insight Global is seeking an Electrical Design Engineer to join one of our large aerospace customers in the St. Louis area. This position is onsite 5 days per week. Customer is looking for a strong-willed individual that can take charge of initiatives and lead from the front. Mentoring junior/mid-level team members will be one of the responsibilities. You will also be tasked with working directly with customers to develop and document complex electronic and electrical system req…,,job description insight global seeking electrical design engineer join one large aerospace customer st louis area position onsite 5 day per week customer looking strong willed individual take charge initiative lead front mentoring junior mid level team member one responsibility also tasked working directly customer develop document complex electronic electrical system req
Senior C# .NET Developer,The Timberline Group,"Saint Louis, Saint Louis County",IT Jobs,full_time,2024-08-08T10:00:38Z,59920.41,59920.41,https://www.adzuna.com/details/4817115320?utm_medium=api&utm_source=183d4472,"Job Description Our .NET Developers work with a team of talented individuals who share a strong passion for their work. The primary role of this experienced individual will be to develop software solutions through the conception, development, testing and implementation phases. This full-time position will challenge you to find creative ways to solve problems, explore new technologies, and everyone is expected to contribute at every level of the development process regardless of their position. …",,job description net developer work team talented individual share strong passion work primary role experienced individual develop software solution conception development testing implementation phase full time position challenge find creative way solve problem explore new technology everyone expected contribute every level development process regardless position
Experienced Low Observables Design & Integration Engineer,BOEING,"Saint Louis, Saint Louis County",Engineering Jobs,,2025-10-13T23:41:04Z,170000.42,170000.42,https://www.adzuna.com/land/ad/5446400684?se=tGuB9JWq8BGglN2HEt9uZw&utm_medium=api&utm_source=183d4472&v=99A37EFC1DA6D3CB15D62B6AFE9E0F36F689517C,"Job Description At Boeing, we innovate and collaborate to make the world a better place. We're committed to fostering an environment for every teammate that's welcoming, respectful and inclusive, with great opportunity for professional growth. Find your future with us. The Boeing Defense, Space & Security (BDS) - Phantom Works organization in St. Louis, Missouri, is seeking an Experienced Low Observables (LO) Design and Integration Engineer to support design, analysis, and propulsion subsystem …",,job description boeing innovate collaborate make world better place committed fostering environment every teammate welcoming respectful inclusive great opportunity professional growth find future u boeing defense space security bd phantom work organization st louis missouri seeking experienced low observables lo design integration engineer support design analysis propulsion subsystem
Structural Analysis Engineer (Lead or Senior),Boeing,"Saint Louis, Saint Louis County",Engineering Jobs,,2025-10-13T18:46:41Z,138475.73,138475.73,https://www.adzuna.com/land/ad/5446129122?se=tGuB9JWq8BGglN2HEt9uZw&utm_medium=api&utm_source=183d4472&v=F90E19155542676312CBAF2C51312105AF011260,"Job Description At Boeing, we innovate and collaborate to make the world a better place. We're committed to fostering an environment for every teammate that's welcoming, respectful and inclusive, with great opportunity for professional growth. Find your future with us. Boeing Research & Technology is seeking a highly skilled and motivated Structural Analysis Engineer (Lead or Senior) to join our Materials & Structures Organization in Berkeley, MO. Our team is currently hiring for a broad range …",,job description boeing innovate collaborate make world better place committed fostering environment every teammate welcoming respectful inclusive great opportunity professional growth find future u boeing research technology seeking highly skilled motivated structural analysis engineer lead senior join material structure organization berkeley mo team currently hiring broad range
3 Days Left! Associate Low Observables Design & Integration Engineer,Boeing,"Saint Louis, Saint Louis County",Engineering Jobs,,2025-10-13T18:46:49Z,158719.31,158719.31,https://www.adzuna.com/land/ad/5446129541?se=tGuB9JWq8BGglN2HEt9uZw&utm_medium=api&utm_source=183d4472&v=8D808AADDFE5AF951FA86279FBB9E8C7C136E1ED,"Job Description At Boeing, we innovate and collaborate to make the world a better place. We're committed to fostering an environment for every teammate that's welcoming, respectful and inclusive, with great opportunity for professional growth. Find your future with us. The Boeing Defense, Space & Security (BDS) - Phantom Works organization in St. Louis, Missouri, is seeking an Associate Low Observables (LO) Design and Integration Engineer to support design, analysis, and propulsion subsystem in…",,job description boeing innovate collaborate make world better place committed fostering environment every teammate welcoming respectful inclusive great opportunity professional growth find future u boeing defense space security bd phantom work organization st louis missouri seeking associate low observables lo design integration engineer support design analysis propulsion subsystem
Software Development Engineer I- NGA,Esri,"Saint Louis, Saint Louis County",IT Jobs,,2025-10-13T08:21:04Z,132431.7,132431.7,https://www.adzuna.com/details/5445463854?utm_medium=api&utm_source=183d4472,"Overview In this position, you will use your Javascript expertise to develop visualization software to understand data where proximity and location matter. Your work will help developer communities re-imagine the capabilities of location-aware software applications that enable real-world improvements. This team supports the Department of Defense, NGA and Intelligence Community clients. You will be part of a talented cross-functional team of dynamic and passionate engineers to deliver capabiliti…",,overview position use javascript expertise develop visualization software understand data proximity location matter work help developer community imagine capability location aware software application enable real world improvement team support department defense nga intelligence community client part talented cross functional team dynamic passionate engineer deliver capabiliti
Technology Teacher (PreK-8th Grade),Saint Louis Immersion School,"Saint Louis, Saint Louis County",Teaching Jobs,full_time,2025-10-12T09:40:38Z,46966.0,66166.0,https://www.adzuna.com/details/5444338311?utm_medium=api&utm_source=183d4472,"TECHNOLOGY TEACHER (PreK-8th Grade) Must-Haves - High-priority skills and qualities Continuously reflects, grows, and develops professional practice Believes in the capacity of each child to achieve at high levels Cultivates a collaborative, adaptable, and solutions-focused culture Approaches all situations with an asset-based and growth mindset Develops and uses effective organization systems Communicates in a proactive, timely, and effective manner Minimum Qualifications Computer Science Grad…",,technology teacher prek 8th grade must have high priority skill quality continuously reflects grows develops professional practice belief capacity child achieve high level cultivates collaborative adaptable solution focused culture approach situation asset based growth mindset develops us effective organization system communicates proactive timely effective manner minimum qualification computer science grad
Flight Simulator Software Developer,Premier Staffing Solution,"Saint Louis, Saint Louis County",IT Jobs,,2025-06-30T06:37:56Z,96510.35,96510.35,https://www.adzuna.com/details/5275621736?utm_medium=api&utm_source=183d4472,"Job Description Job Requirements Required skills/experience: BS/MS Computer Science, Physics, Applied Mathematics, Computer Engineering, or other applicable technical field C# programming System-level debugging and troubleshooting Software architecture and object-oriented design Strong physics and mathematics (especially geometry) background Collaborative spirit, including strong written and verbal communication skills Skills in the following areas are a plus: MS Visual Studio MATLAB Powershell…",,job description job requirement required skill experience b m computer science physic applied mathematics computer engineering applicable technical field c programming system level debugging troubleshooting software architecture object oriented design strong physic mathematics especially geometry background collaborative spirit including strong written verbal communication skill skill following area plus m visual studio matlab powershell
Senior Data Scientist,Deloitte,"Wellston, Saint Louis County",IT Jobs,,2025-10-10T19:10:43Z,154079.77,154079.77,https://www.adzuna.com/land/ad/5441919940?se=tGuB9JWq8BGglN2HEt9uZw&utm_medium=api&utm_source=183d4472&v=4AB1341BB528127F5785C08EA9EDDB7166863156,"Are you an experienced, passionate pioneer in technology who wants to work in a collaborative environment? As an experienced Senior Data Scientist Project Delivery Specialist you will have the ability to share new ideas and collaborate on projects as a consultant without the extensive demands of travel. If so, consider an opportunity with Deloitte under our Project Delivery Talent Model. Project Delivery Model (PDM) is a talent model that is tailored specifically for long-term, onsite client se…",,experienced passionate pioneer technology want work collaborative environment experienced senior data scientist project delivery specialist ability share new idea collaborate project consultant without extensive demand travel consider opportunity deloitte project delivery talent model project delivery model pdm talent model tailored specifically long term onsite client se
"AI Transformation Senior Manager - Communication, Media, Technology",Accenture,"Wellston, Saint Louis County",Consultancy Jobs,,2025-10-01T19:05:19Z,247893.72,247893.72,https://www.adzuna.com/land/ad/5425459567?se=tGuB9JWq8BGglN2HEt9uZw&utm_medium=api&utm_source=183d4472&v=6551158F871EE0EDB62074DC2053431136182931,"We are: Accenture Song accelerates growth and value for our clients through sustained customer relevance. Our capabilities span from ideation to execution: growth, product and experience design; technology and experience platforms; creative, media and marketing strategy; and campaign, content and channel orchestration. With strong client relationships and deep industry expertise, we help our clients operate at the speed of life through the unlimited potential of imagination, technology and inte…",,accenture song accelerates growth value client sustained customer relevance capability span ideation execution growth product experience design technology experience platform creative medium marketing strategy campaign content channel orchestration strong client relationship deep industry expertise help client operate speed life unlimited potential imagination technology inte
AI Transformation Senior Manager - Financial Services,Accenture,"Wellston, Saint Louis County",Consultancy Jobs,,2025-10-01T19:05:18Z,234133.0,234133.0,https://www.adzuna.com/land/ad/5425459322?se=tGuB9JWq8BGglN2HEt9uZw&utm_medium=api&utm_source=183d4472&v=18D8BAE9DEA17A8C0812E4B492A348118066F328,"We are: Accenture Song accelerates growth and value for our clients through sustained customer relevance. Our capabilities span from ideation to execution: growth, product and experience design; technology and experience platforms; creative, media and marketing strategy; and campaign, content and channel orchestration. With strong client relationships and deep industry expertise, we help our clients operate at the speed of life through the unlimited potential of imagination, technology and inte…",,accenture song accelerates growth value client sustained customer relevance capability span ideation execution growth product experience design technology experience platform creative medium marketing strategy campaign content channel orchestration strong client relationship deep industry expertise help client operate speed life unlimited potential imagination technology inte
Software Development Engineer I- National Geospatial-Intelligence Agency,Esri,"Saint Louis, Saint Louis County",IT Jobs,,2025-10-13T09:02:50Z,132868.27,132868.27,https://www.adzuna.com/details/5445628919?utm_medium=api&utm_source=183d4472,"Overview Are you ready to launch your career by building software that makes a real-world impact? As a developer on our team, you`ll help shape the future of geospatial technology, creating powerful visualization tools that bring location-based data to life. Your work will support mission driven efforts across the DoD/IC community, helping analyst and decision makers solve complex challenges with clarity and precision. This is an unique opportunity to grow your technical skills while contributi…",,overview ready launch career building software make real world impact developer team help shape future geospatial technology creating powerful visualization tool bring location based data life work support mission driven effort across dod ic community helping analyst decision maker solve complex challenge clarity precision unique opportunity grow technical skill contributi
Cloud Systems Engineer with Security Clearance,Gridiron IT Solutions,"Saint Louis, Saint Louis County",IT Jobs,,2025-08-01T09:43:54Z,127163.16,127163.16,https://www.adzuna.com/land/ad/5332019806?se=tGuB9JWq8BGglN2HEt9uZw&utm_medium=api&utm_source=183d4472&v=A961ADFEF72E7FB1D1692550ACA8A63611C0D4E8,"Cloud Systems Engineer Location: ST Louis, MO Work Type: Full Time Job Description: GridIron IT is seeking a Systems Engineer with an Active Top Secret Clearance. The team is involved in operation and sustainment of multiple operational cloud deployed geospatial solutions. A successful candidate will be a self-starter and have experience with installation, configuration, administration, support and maintenance of cloud-based systems and administration of citrix-based desktops in cloud-based env…",,cloud system engineer location st louis mo work type full time job description gridiron seeking system engineer active top secret clearance team involved operation sustainment multiple operational cloud deployed geospatial solution successful candidate self starter experience installation configuration administration support maintenance cloud based system administration citrix based desktop cloud based env
